<?xml version="1.0" encoding="utf-8"?>
<scene PGFVersion="0.17" GSCVersion="0.9.91" id="id190699">
  <layers>
    <layer id="id889051">
      <actors>
        <actor id="id103161" prototype="id290071">
          <attributes>
            <point id="position">
              <real id="x">240</real>
              <real id="y">6</real>
            </point>
            <size id="size">
              <real id="width">800</real>
              <real id="height">800</real>
            </size>
            <angle id="rotation">0</angle>
          </attributes>
          <aspects>
            <graphics>
              <attributes />
            </graphics>
            <motion />
            <physics>
              <attributes />
            </physics>
          </aspects>
        </actor>
        <actor id="id809520" prototype="id937256">
          <attributes>
            <point id="position">
              <real id="x">241</real>
              <real id="y">66.5</real>
            </point>
            <size id="size">
              <real id="width">480</real>
              <real id="height">132</real>
            </size>
          </attributes>
          <aspects>
            <graphics>
              <attributes />
            </graphics>
            <motion />
            <physics>
              <attributes />
            </physics>
          </aspects>
        </actor>
        <actor id="id859540" prototype="id996950">
          <attributes>
            <point id="position">
              <real id="x">88.5</real>
              <real id="y">76.5</real>
            </point>
            <size id="size">
              <real id="width">88</real>
              <real id="height">88</real>
            </size>
          </attributes>
          <aspects>
            <graphics>
              <attributes />
            </graphics>
            <motion />
            <physics>
              <attributes />
            </physics>
          </aspects>
        </actor>
        <actor id="id274817" prototype="id447889">
          <attributes>
            <point id="position">
              <real id="x">88</real>
              <real id="y">76.5</real>
            </point>
            <size id="size">
              <real id="width">88</real>
              <real id="height">88</real>
            </size>
          </attributes>
          <aspects>
            <graphics>
              <attributes />
            </graphics>
            <motion />
            <physics>
              <attributes />
            </physics>
          </aspects>
        </actor>
        <actor id="id529079" prototype="id683086">
          <attributes>
            <point id="position">
              <real id="x">88</real>
              <real id="y">77.5</real>
            </point>
            <size id="size">
              <real id="width">88</real>
              <real id="height">88</real>
            </size>
          </attributes>
          <aspects>
            <graphics>
              <attributes />
            </graphics>
            <motion />
            <physics>
              <attributes />
            </physics>
          </aspects>
        </actor>
        <actor id="id792451" prototype="id979632">
          <attributes>
            <point id="position">
              <real id="x">322.5</real>
              <real id="y">158.5</real>
            </point>
            <size id="size">
              <real id="width">313</real>
              <real id="height">320</real>
            </size>
          </attributes>
          <aspects>
            <graphics>
              <attributes />
            </graphics>
            <motion />
            <physics>
              <attributes />
            </physics>
          </aspects>
        </actor>
        <actor id="id336786" prototype="id137556">
          <attributes>
            <point id="position">
              <real id="x">244</real>
              <real id="y">156.5</real>
            </point>
            <size id="size">
              <real id="width">493</real>
              <real id="height">332</real>
            </size>
          </attributes>
          <aspects>
            <graphics>
              <attributes />
            </graphics>
            <motion />
            <physics>
              <attributes />
            </physics>
          </aspects>
        </actor>
        <actor id="id176025" prototype="id368753">
          <attributes>
            <point id="position">
              <real id="x">53</real>
              <real id="y">278.5</real>
            </point>
          </attributes>
          <aspects>
            <graphics>
              <attributes />
            </graphics>
            <motion />
            <physics>
              <attributes />
            </physics>
          </aspects>
        </actor>
        <actor id="id956532" prototype="id259996">
          <attributes>
            <point id="position">
              <real id="x">16</real>
              <real id="y">248</real>
            </point>
            <size id="size">
              <real id="width">1</real>
              <real id="height">8</real>
            </size>
            <angle id="rotation">0</angle>
          </attributes>
          <aspects>
            <graphics>
              <attributes />
            </graphics>
            <motion />
            <physics>
              <attributes />
            </physics>
          </aspects>
        </actor>
      </actors>
      <attributes>
        <text id="name">Background</text>
        <boolean id="scrollable">true</boolean>
      </attributes>
    </layer>
  </layers>
  <attributes>
    <text id="name">Time Lapse</text>
    <real id="time">0</real>
    <size id="size">
      <real id="width">480</real>
      <real id="height">320</real>
    </size>
    <boolean id="wrapX">false</boolean>
    <boolean id="wrapY">false</boolean>
    <point id="gravity">
      <real id="x">0</real>
      <real id="y">0</real>
    </point>
    <color id="color">
      <real id="red">0</real>
      <real id="green">0</real>
      <real id="blue">0</real>
      <real id="alpha">1</real>
    </color>
    <rect id="camera">
      <point id="origin">
        <real id="x">0</real>
        <real id="y">0</real>
      </point>
      <size id="size">
        <real id="width">480</real>
        <real id="height">320</real>
      </size>
      <size id="trackingArea">
        <real id="width">400</real>
        <real id="height">240</real>
      </size>
      <real id="rotation">0</real>
    </rect>
    <attributes id="autorotate">
      <boolean id="landscapeLeft">true</boolean>
      <boolean id="portrait">false</boolean>
      <boolean id="landscapeRight">false</boolean>
      <boolean id="portraitUpsideDown">false</boolean>
    </attributes>
  </attributes>
</scene>