<?xml version="1.0" encoding="utf-8"?>
<assets PGFVersion="0.17" GSCVersion="0.9.91">
  <sounds />
  <images>
    <image name="DPadArrowPressDown">
      <file name="DPadArrowPressDown.png" size="6356" />
    </image>
    <image name="DPadArrowPressLeft">
      <file name="DPadArrowPressLeft.png" size="5998" />
    </image>
    <image name="DPadArrowPressRight">
      <file name="DPadArrowPressRight.png" size="6155" />
    </image>
    <image name="DPadArrowPressUp">
      <file name="DPadArrowPressUp.png" size="5037" />
    </image>
    <image name="DPadBase1">
      <file name="DPadBase1.png" size="14423" />
    </image>
    <image name="DPadBase2">
      <file name="DPadBase2.png" size="11311" />
    </image>
    <image name="UniversalButtonA_1">
      <file name="UniversalButtonA_1.png" size="5344" />
    </image>
    <image name="UniversalButtonA_2">
      <file name="UniversalButtonA_2.png" size="4867" />
    </image>
    <image name="UniversalButtonA_3">
      <file name="UniversalButtonA_3.png" size="3186" />
    </image>
    <image name="UniversalButtonB_1">
      <file name="UniversalButtonB_1.png" size="5219" />
    </image>
    <image name="UniversalButtonB_2">
      <file name="UniversalButtonB_2.png" size="4796" />
    </image>
    <image name="UniversalButtonB_3">
      <file name="UniversalButtonB_3.png" size="3117" />
    </image>
    <image name="UniversalButtonBlank_1">
      <file name="UniversalButtonBlank_1.png" size="4952" />
    </image>
    <image name="UniversalButtonBlank_2">
      <file name="UniversalButtonBlank_2.png" size="4307" />
    </image>
    <image name="UniversalButtonBlank_3">
      <file name="UniversalButtonBlank_3.png" size="2610" />
    </image>
    <image name="ThumbstickBase">
      <file name="ThumbstickBase.png" size="7738" />
    </image>
    <image name="Thumbstick">
      <file name="Thumbstick.png" size="9342" />
    </image>
    <image name="HexPilot">
      <file name="HexPilot.png" size="2356" />
    </image>
    <image name="HexShooterBackground">
      <file name="HexShooterBackground.png" size="40580" />
    </image>
    <image name="HexBullet">
      <file name="HexBullet.png" size="848" />
    </image>
    <image name="SkyWardBG">
      <file name="SkyWardBG.png" size="5232" />
    </image>
    <image name="SkyWard">
      <file name="SkyWard.png" size="3013" />
    </image>
    <image name="RobotTheCopBG">
      <file name="RobotTheCopBG.png" size="20451" />
    </image>
    <image name="RobotTheCop">
      <file name="RobotTheCop.png" size="5341" />
    </image>
    <image name="HexBullet2">
      <file name="HexBullet2.png" size="846" />
    </image>
    <image name="RobotTheCop2">
      <file name="RobotTheCop2.png" size="5506" />
    </image>
    <image name="RobotTheCopBG2">
      <file name="RobotTheCopBG2.png" size="19821" />
    </image>
    <image name="SkyWard2">
      <file name="SkyWard2.png" size="2822" />
    </image>
    <image name="SkyWardBG2">
      <file name="SkyWardBG2.png" size="5421" />
    </image>
    <image name="GSBB">
      <file name="GSBB.png" size="19976" />
    </image>
  </images>
  <behaviors />
</assets>