<?xml version="1.0" encoding="UTF-8"?>
<actor PGFVersion="0.19" id="id717347" GSCVersion="0.10.4"><attributes><text id="name">buzzy</text><real id="time">0</real><point id="position"><real id="x">0</real><real id="y">0</real></point><size id="size"><real id="width">54</real><real id="height">32</real></size><angle id="rotation">0</angle><color id="color"><real id="red">1</real><real id="green">1</real><real id="blue">1</real><real id="alpha">1</real></color><image id="image">bee01</image><text id="tags"></text><boolean id="preloadArt">true</boolean><integer name="sound" id="id471990">0</integer></attributes><behaviors><behavior enabled="true" id="id755364" class="RuleBehavior"><attributes><text id="name">only animate me if i'm alive</text><text id="bundleName">Rule.behavior</text><real id="compoundConditionKind">0</real></attributes><conditions><condition id="id440504" pluginPredicateTypeIndex="0" eventType="mouse position"><attributes><index id="conditionType">1</index><text id="subjectAttribute">game.attributes.id421786</text></attributes><predicate type="boolean"><attributes><index id="RHS">0</index></attributes></predicate></condition></conditions><behaviors><behavior id="id603471" class="AnimateBehavior" enabled="true"><attributes><text id="name">Animate</text><text id="bundleName">Animate.behavior</text><text id="images">bee01	bee02	bee03	bee02</text><index id="speed">20</index><boolean id="loop">true</boolean><boolean id="restoreActorImage">true</boolean></attributes></behavior></behaviors><elseBehaviors/></behavior><behavior enabled="true" id="id606650" class="RuleBehavior"><attributes><text id="name">Play the Game</text><text id="bundleName">Rule.behavior</text><real id="compoundConditionKind">0</real></attributes><conditions><condition id="id650247" pluginPredicateTypeIndex="0" eventType="mouse position"><attributes><index id="conditionType">1</index><text id="subjectAttribute">game.attributes.id202129</text></attributes><predicate type="boolean"><attributes><index id="RHS">1</index></attributes></predicate></condition></conditions><behaviors><behavior id="id467623" class="AccelerateBehavior" enabled="true"><attributes><text id="name">Gravity</text><text id="bundleName">Accelerate.behavior</text><angle id="direction">270</angle><index id="space">1</index><real id="acceleration">800</real></attributes></behavior><behavior enabled="true" id="id245922" class="RuleBehavior"><attributes><text id="name">Buzz</text><text id="bundleName">Rule.behavior</text><real id="compoundConditionKind">0</real></attributes><conditions><condition id="id709349" pluginPredicateTypeIndex="0" eventType="mouse button"><attributes><index id="conditionType">0</index></attributes><predicate mouseState="down" type="mouse"><attributes/></predicate></condition></conditions><behaviors><behavior id="id744162" class="ChangeAttributeAction" enabled="true"><attributes><text id="name">Pick random number to limit buzz sound</text><text id="bundleName">ChangeAttribute.behavior</text><text id="targetAttribute">self.attributes.id471990</text><text id="RHS"><expression><string>random(1,5)</string></expression></text></attributes></behavior><behavior enabled="true" id="id316155" class="RuleBehavior"><attributes><text id="name">play the buzz sound</text><text id="bundleName">Rule.behavior</text><real id="compoundConditionKind">0</real></attributes><conditions><condition id="id447011" pluginPredicateTypeIndex="0" eventType="mouse position"><attributes><index id="conditionType">1</index><text id="subjectAttribute">self.attributes.id471990</text></attributes><predicate type="number"><attributes><text id="operator">=</text><real id="RHS">1</real></attributes></predicate></condition></conditions><behaviors><behavior id="id617559" class="PlaySoundAction" enabled="true"><attributes><text id="name">Play Sound</text><text id="bundleName">PlaySound.behavior</text><sound id="soundName">buzz</sound><boolean id="loop">false</boolean><boolean id="runToCompletion">true</boolean><boolean id="positional">false</boolean><boolean id="dopplerShift">false</boolean><real id="volume">0.5</real><real id="pitch">1</real></attributes></behavior></behaviors><elseBehaviors/></behavior><behavior id="id799946" class="ChangeAttributeAction" enabled="true"><attributes><text id="name">fly me up</text><text id="bundleName">ChangeAttribute.behavior</text><text id="targetAttribute">self.aspects.motion.attributes.linearVelocity.y</text><text id="RHS">250</text></attributes></behavior></behaviors><elseBehaviors/></behavior><behavior enabled="true" id="id681174" class="RuleBehavior"><attributes><text id="name">Crash</text><text id="bundleName">Rule.behavior</text><real id="compoundConditionKind">0</real></attributes><conditions><condition id="id351511" pluginPredicateTypeIndex="0" eventType="overlaps or collides"><attributes><index id="conditionType">0</index></attributes><predicate type="collision"><attributes><text id="prototypeKey">id455588</text><text id="actorTag">crash</text><real id="mode">1</real></attributes></predicate></condition></conditions><behaviors><behavior id="id119698" class="PlaySoundAction" enabled="true"><attributes><text id="name">Play Sound</text><text id="bundleName">PlaySound.behavior</text><sound id="soundName">smack</sound><boolean id="loop">false</boolean><boolean id="runToCompletion">true</boolean><boolean id="positional">false</boolean><boolean id="dopplerShift">false</boolean><real id="volume">1</real><real id="pitch">1</real></attributes></behavior><behavior id="id264915" class="ChangeAttributeAction" enabled="true"><attributes><text id="name">Display Final Score and Reset Game</text><text id="bundleName">ChangeAttribute.behavior</text><text id="targetAttribute">game.attributes.id421786</text><text id="RHS">true</text></attributes></behavior></behaviors><elseBehaviors/></behavior><behavior enabled="true" id="id201814" class="RuleBehavior"><attributes><text id="name">Score</text><text id="bundleName">Rule.behavior</text><real id="compoundConditionKind">0</real></attributes><conditions><condition id="id350979" pluginPredicateTypeIndex="0" eventType="overlaps or collides"><attributes><index id="conditionType">0</index></attributes><predicate type="collision"><attributes><text id="prototypeKey">id483105</text><text id="actorTag"></text><real id="mode">0</real></attributes></predicate></condition></conditions><behaviors><behavior id="id799440" class="PlaySoundAction" enabled="true"><attributes><text id="name">Play Sound</text><text id="bundleName">PlaySound.behavior</text><sound id="soundName">score</sound><boolean id="loop">false</boolean><boolean id="runToCompletion">true</boolean><boolean id="positional">false</boolean><boolean id="dopplerShift">false</boolean><real id="volume">1</real><real id="pitch">1</real></attributes></behavior><behavior id="id340822" class="ChangeAttributeAction" enabled="true"><attributes><text id="name">Change Attribute</text><text id="bundleName">ChangeAttribute.behavior</text><text id="targetAttribute">game.attributes.id543454</text><text id="RHS"><expression><reference keypath="game.attributes.id543454"/><string>+1</string></expression></text></attributes></behavior></behaviors><elseBehaviors/></behavior></behaviors><elseBehaviors/></behavior><behavior enabled="true" id="id269220" class="RuleBehavior"><attributes><text id="name">Kill the Bee</text><text id="bundleName">Rule.behavior</text><real id="compoundConditionKind">0</real></attributes><conditions><condition id="id790472" pluginPredicateTypeIndex="0" eventType="mouse position"><attributes><index id="conditionType">1</index><text id="subjectAttribute">game.attributes.id421786</text></attributes><predicate type="boolean"><attributes><index id="RHS">1</index></attributes></predicate></condition></conditions><behaviors><behavior id="id317993" class="ChangeAttributeAction" enabled="true"><attributes><text id="name">Change Attribute</text><text id="bundleName">ChangeAttribute.behavior</text><text id="targetAttribute">self.aspects.graphics.attributes.flipVertically</text><text id="RHS">true</text></attributes></behavior><behavior id="id190179" class="ChangeAttributeAction" enabled="true"><attributes><text id="name">Change Attribute</text><text id="bundleName">ChangeAttribute.behavior</text><text id="targetAttribute">self.aspects.motion.attributes.linearVelocity.y</text><text id="RHS">-800</text></attributes></behavior></behaviors><elseBehaviors/></behavior><behavior id="id805033" class="CollideBehavior" enabled="true"><attributes><text id="name">Collide</text><text id="bundleName">Collide.behavior</text><text id="prototypeKey">id492031</text><text id="actorTag"></text><index id="mode">0</index></attributes></behavior></behaviors><aspects><graphics><attributes><boolean id="visible">true</boolean><enumeration id="blendingMode">0</enumeration><enumeration id="horizontalWrap">0</enumeration><enumeration id="verticalWrap">0</enumeration><enumeration id="horizontalAnchor">0</enumeration><enumeration id="verticalAnchor">0</enumeration><boolean id="flipHorizontally">false</boolean><boolean id="flipVertically">false</boolean><integer id="tileWidth">54</integer><integer id="tileHeight">32</integer></attributes></graphics><motion><attributes><point id="linearVelocity"><real id="x">0</real><real id="y">0</real></point><real id="angularVelocity">0</real><real id="maxSpeed">0</real><boolean id="applyMaxSpeed">false</boolean></attributes></motion><physics><attributes><real id="density">0</real><real id="friction">0</real><real id="restitution">0</real><boolean id="fixedRotation">false</boolean><boolean id="movable">true</boolean><enumeration id="collisionShape">0</enumeration><real id="drag">0</real><real id="angularDrag">0</real></attributes></physics></aspects></actor>
