<?xml version="1.0" encoding="UTF-8"?>
<actor PGFVersion="0.19" id="id483105" GSCVersion="0.10.4"><attributes><text id="name">goal</text><real id="time">0</real><point id="position"><real id="x">0</real><real id="y">0</real></point><size id="size"><real id="width">50</real><real id="height">320</real></size><angle id="rotation">0</angle><color id="color"><real id="red">0.63774186372757</real><real id="green">0.9864227771759</real><real id="blue">1</real><real id="alpha">0</real></color><image id="image"></image><text id="tags"></text><boolean id="preloadArt">true</boolean><real name="gap" id="id385991">0</real></attributes><behaviors><behavior id="id274325" class="ChangeAttributeAction" enabled="true"><attributes><text id="name">Pick the center of the gap</text><text id="bundleName">ChangeAttribute.behavior</text><text id="targetAttribute">self.attributes.id385991</text><text id="RHS"><expression><string>random(90,260)</string></expression></text></attributes></behavior><behavior enabled="true" id="id940532" class="RuleBehavior"><attributes><text id="name">Stop Me if the Bee Dies</text><text id="bundleName">Rule.behavior</text><real id="compoundConditionKind">0</real></attributes><conditions><condition id="id474949" pluginPredicateTypeIndex="0" eventType="mouse position"><attributes><index id="conditionType">1</index><text id="subjectAttribute">game.attributes.id202129</text></attributes><predicate type="boolean"><attributes><index id="RHS">1</index></attributes></predicate></condition></conditions><behaviors><behavior id="id321120" class="MoveBehavior" enabled="true"><attributes><text id="name">Move</text><text id="bundleName">Move.behavior</text><angle id="direction">180</angle><index id="space">1</index><index id="moveType">0</index><real id="speed">200</real><boolean id="haltWhenBehaviorStops">true</boolean></attributes></behavior></behaviors><elseBehaviors/></behavior><behavior id="id638445" class="SpawnAction" enabled="true"><attributes><text id="name">top obstacle</text><text id="bundleName">Spawn.behavior</text><text id="prototypeKey">id216411</text><angle id="direction">0</angle><index id="directionSpace">0</index><real id="x"><expression><reference keypath="self.attributes.position.x"/></expression></real><real id="y"><expression><reference keypath="self.attributes.id385991"/><string>+210</string></expression></real><index id="positionSpace">1</index><index id="layerOrder">0</index></attributes></behavior><behavior id="id249160" class="SpawnAction" enabled="true"><attributes><text id="name">bottom obstacle</text><text id="bundleName">Spawn.behavior</text><text id="prototypeKey">id455588</text><angle id="direction">0</angle><index id="directionSpace">0</index><real id="x"><expression><reference keypath="self.attributes.position.x"/></expression></real><real id="y"><expression><reference keypath="self.attributes.id385991"/><string>-210</string></expression></real><index id="positionSpace">1</index><index id="layerOrder">0</index></attributes></behavior><behavior enabled="true" id="id538515" class="RuleBehavior"><attributes><text id="name">Destroy Me</text><text id="bundleName">Rule.behavior</text><real id="compoundConditionKind">0</real></attributes><conditions><condition id="id544889" pluginPredicateTypeIndex="0" eventType="mouse position"><attributes><index id="conditionType">1</index><text id="subjectAttribute">self.attributes.position.x</text></attributes><predicate type="number"><attributes><text id="operator">&lt;=</text><real id="RHS">-50</real></attributes></predicate></condition></conditions><behaviors><behavior id="id888737" class="DestroyAction" enabled="true"><attributes><text id="name">Destroy</text><text id="bundleName">Destroy.behavior</text></attributes></behavior></behaviors><elseBehaviors/></behavior></behaviors><aspects><graphics><attributes><boolean id="visible">true</boolean><enumeration id="blendingMode">0</enumeration><enumeration id="horizontalWrap">0</enumeration><enumeration id="verticalWrap">0</enumeration><enumeration id="horizontalAnchor">0</enumeration><enumeration id="verticalAnchor">0</enumeration><boolean id="flipHorizontally">false</boolean><boolean id="flipVertically">false</boolean><integer id="tileWidth">50</integer><integer id="tileHeight">320</integer></attributes></graphics><motion><attributes><point id="linearVelocity"><real id="x">0</real><real id="y">0</real></point><real id="angularVelocity">0</real><real id="maxSpeed">0</real><boolean id="applyMaxSpeed">false</boolean></attributes></motion><physics><attributes><real id="density">0</real><real id="friction">0</real><real id="restitution">0</real><boolean id="fixedRotation">false</boolean><boolean id="movable">true</boolean><enumeration id="collisionShape">0</enumeration><real id="drag">0</real><real id="angularDrag">0</real></attributes></physics></aspects></actor>
