<?xml version="1.0" encoding="UTF-8"?>
<actor PGFVersion="0.19" id="id292652" GSCVersion="0.10.4"><attributes><text id="name">final score</text><real id="time">0</real><point id="position"><real id="x">0</real><real id="y">0</real></point><size id="size"><real id="width">100</real><real id="height">100</real></size><angle id="rotation">0</angle><color id="color"><real id="red">1</real><real id="green">1</real><real id="blue">1</real><real id="alpha">0</real></color><image id="image"></image><text id="tags"></text><boolean id="preloadArt">true</boolean></attributes><behaviors><behavior enabled="true" id="id704934" class="RuleBehavior"><attributes><text id="name">Show final score and reset game</text><text id="bundleName">Rule.behavior</text><real id="compoundConditionKind">0</real></attributes><conditions><condition id="id937008" pluginPredicateTypeIndex="0" eventType="mouse position"><attributes><index id="conditionType">1</index><text id="subjectAttribute">game.attributes.id421786</text></attributes><predicate type="boolean"><attributes><index id="RHS">1</index></attributes></predicate></condition></conditions><behaviors><behavior id="id273258" class="ChangeAttributeAction" enabled="true"><attributes><text id="name">Stop Playing</text><text id="bundleName">ChangeAttribute.behavior</text><text id="targetAttribute">game.attributes.id202129</text><text id="RHS">false</text></attributes></behavior><behavior id="id827236" class="DisplayTextBehavior" enabled="true"><attributes><text id="name">Display Text</text><text id="bundleName">DisplayText.behavior</text><text id="text"><expression><string>&quot;Final Score: &quot;..</string><reference keypath="game.attributes.id543454"/></expression></text><text id="font">Helvetica Neue</text><real id="size">30</real><index id="alignment">1</index><boolean id="wrap">false</boolean><color id="color"><real id="red">1</real><real id="green">1</real><real id="blue">1</real><real id="alpha">1</real></color></attributes></behavior><behavior id="id766171" class="TimerBehavior" enabled="true"><attributes><text id="name">Reset the Game</text><text id="bundleName">Timer.behavior</text><index id="timerType">1</index><real id="interval">4</real><boolean id="runToCompletion">true</boolean></attributes><behaviors><behavior id="id867944" class="ResetGameAction" enabled="true"><attributes><text id="name">Reset Game</text><text id="bundleName">ResetGame.behavior</text><boolean id="enableAdvertisement">false</boolean></attributes></behavior></behaviors></behavior></behaviors><elseBehaviors/></behavior></behaviors><aspects><graphics><attributes><boolean id="visible">true</boolean><enumeration id="blendingMode">0</enumeration><enumeration id="horizontalWrap">0</enumeration><enumeration id="verticalWrap">0</enumeration><enumeration id="horizontalAnchor">0</enumeration><enumeration id="verticalAnchor">0</enumeration><boolean id="flipHorizontally">false</boolean><boolean id="flipVertically">false</boolean><integer id="tileWidth">0</integer><integer id="tileHeight">0</integer></attributes></graphics><motion><attributes><point id="linearVelocity"><real id="x">0</real><real id="y">0</real></point><real id="angularVelocity">0</real><real id="maxSpeed">0</real><boolean id="applyMaxSpeed">false</boolean></attributes></motion><physics><attributes><real id="density">0</real><real id="friction">0</real><real id="restitution">0</real><boolean id="fixedRotation">false</boolean><boolean id="movable">false</boolean><enumeration id="collisionShape">0</enumeration><real id="drag">0</real><real id="angularDrag">0</real></attributes></physics></aspects></actor>
