<?xml version="1.0" encoding="UTF-8"?>
<scene id="id269551" GSCVersion="0.10.1" PGFVersion="0.19"><layers><layer id="id112326"><actors><actor id="id525331" prototype="id376687"><attributes><point id="position"><real id="x">240.324</real><real id="y">160.551</real></point><size id="size"><real id="width">480</real><real id="height">320</real></size></attributes><aspects/></actor><actor id="id185521" prototype="id563613"><attributes><point id="position"><real id="x">240</real><real id="y">5</real></point><size id="size"><real id="width">480</real><real id="height">5</real></size></attributes><aspects/></actor><actor id="id542057" prototype="id563613"><attributes><point id="position"><real id="x">240</real><real id="y">105</real></point><size id="size"><real id="width">480</real><real id="height">5</real></size></attributes><aspects/></actor><actor id="id748234" prototype="id563613"><attributes><point id="position"><real id="x">240</real><real id="y">55</real></point><size id="size"><real id="width">480</real><real id="height">5</real></size></attributes><aspects/></actor><actor id="id344612" prototype="id563613"><attributes><point id="position"><real id="x">240</real><real id="y">155</real></point><size id="size"><real id="width">480</real><real id="height">5</real></size></attributes><aspects/></actor><actor id="id368250" prototype="id563613"><attributes><point id="position"><real id="x">240</real><real id="y">205</real></point><size id="size"><real id="width">480</real><real id="height">5</real></size></attributes><aspects/></actor><actor id="id173428" prototype="id563613"><attributes><point id="position"><real id="x">240</real><real id="y">255</real></point></attributes><aspects/></actor><actor id="id330291" prototype="id563613"><attributes><point id="position"><real id="x">240</real><real id="y">305</real></point></attributes><aspects/></actor><actor id="id498022" prototype="id223494"><attributes><point id="position"><real id="x">5</real><real id="y">160</real></point></attributes><aspects/></actor><actor id="id320449" prototype="id223494"><attributes><point id="position"><real id="x">55</real><real id="y">160</real></point></attributes><aspects/></actor><actor id="id665319" prototype="id223494"><attributes><point id="position"><real id="x">155</real><real id="y">160</real></point></attributes><aspects/></actor><actor id="id921085" prototype="id223494"><attributes><point id="position"><real id="x">105</real><real id="y">160</real></point></attributes><aspects/></actor><actor id="id702877" prototype="id223494"><attributes><point id="position"><real id="x">205</real><real id="y">160</real></point></attributes><aspects/></actor><actor id="id703477" prototype="id223494"><attributes><point id="position"><real id="x">255</real><real id="y">160</real></point></attributes><aspects/></actor><actor id="id254977" prototype="id223494"><attributes><point id="position"><real id="x">305</real><real id="y">160</real></point></attributes><aspects/></actor><actor id="id131793" prototype="id223494"><attributes><point id="position"><real id="x">305</real><real id="y">160</real></point></attributes><aspects/></actor><actor id="id198404" prototype="id223494"><attributes><point id="position"><real id="x">355</real><real id="y">160</real></point></attributes><aspects/></actor><actor id="id643350" prototype="id223494"><attributes><point id="position"><real id="x">405</real><real id="y">160</real></point></attributes><aspects/></actor><actor id="id927856" prototype="id223494"><attributes><point id="position"><real id="x">455</real><real id="y">160</real></point></attributes><aspects/></actor><actor id="id847553" prototype="id908499"><attributes><point id="position"><real id="x">28.7422</real><real id="y">55.2012</real></point><size id="size"><real id="width">59.375</real><real id="height">59.5195</real></size></attributes><aspects/></actor><actor id="id556913" prototype="id908499"><attributes><point id="position"><real id="x">54.8574</real><real id="y">37.5508</real></point><size id="size"><real id="width">53.8867</real><real id="height">56.4219</real></size></attributes><aspects/></actor><actor id="id625934" prototype="id865909"><attributes><point id="position"><real id="x">27.8633</real><real id="y">105.764</real></point><size id="size"><real id="width">66.2344</real><real id="height">62.0195</real></size></attributes><aspects/></actor><actor id="id190621" prototype="id711189"><attributes><point id="position"><real id="x">28.6094</real><real id="y">155.195</real></point><size id="size"><real id="width">68.0234</real><real id="height">62.0391</real></size></attributes><aspects/></actor><actor id="id796935" prototype="id113217"><attributes><point id="position"><real id="x">26.9844</real><real id="y">205.625</real></point><size id="size"><real id="width">56.0547</real><real id="height">57.6484</real></size></attributes><aspects/></actor><actor id="id937533" prototype="id816727"><attributes><point id="position"><real id="x">27.793</real><real id="y">255.973</real></point><size id="size"><real id="width">59.8906</real><real id="height">55.125</real></size></attributes><aspects/></actor><actor id="id531336" prototype="id707316"><attributes><point id="position"><real id="x">26.6016</real><real id="y">304.25</real></point><size id="size"><real id="width">59.75</real><real id="height">61.625</real></size></attributes><aspects/></actor><actor id="id584929" prototype="id865909"><attributes><point id="position"><real id="x">105.039</real><real id="y">37.5586</real></point><size id="size"><real id="width">52.0234</real><real id="height">58.3125</real></size></attributes><aspects/></actor><actor id="id871445" prototype="id711189"><attributes><point id="position"><real id="x">153.738</real><real id="y">39.4336</real></point><size id="size"><real id="width">52</real><real id="height">53.0938</real></size></attributes><aspects/></actor><actor id="id950368" prototype="id113217"><attributes><point id="position"><real id="x">204.137</real><real id="y">37.6172</real></point><size id="size"><real id="width">45.7188</real><real id="height">56.0078</real></size></attributes><aspects/></actor><actor id="id942725" prototype="id816727"><attributes><point id="position"><real id="x">254.457</real><real id="y">37.8203</real></point><size id="size"><real id="width">59.0234</real><real id="height">61.5938</real></size></attributes><aspects/></actor><actor id="id877330" prototype="id707316"><attributes><point id="position"><real id="x">304.777</real><real id="y">38.1953</real></point><size id="size"><real id="width">42.5</real><real id="height">53.5625</real></size></attributes><aspects/></actor><actor id="id236983" prototype="id614209"><attributes><point id="position"><real id="x">353.82</real><real id="y">37.4727</real></point><size id="size"><real id="width">43.6953</real><real id="height">55.2031</real></size></attributes><aspects/></actor><actor id="id648740" prototype="id212831"><attributes><point id="position"><real id="x">404.262</real><real id="y">38.1562</real></point><size id="size"><real id="width">63.0234</real><real id="height">59.8984</real></size></attributes><aspects/></actor><actor id="id143529" prototype="id303250"><attributes><point id="position"><real id="x">452.555</real><real id="y">37.9609</real></point><size id="size"><real id="width">52.1094</real><real id="height">45.4297</real></size></attributes><aspects/></actor></actors><attributes><text id="name">Background</text><boolean id="scrollable">true</boolean></attributes></layer></layers><attributes><text id="name">Initial Scene</text><real id="time">0</real><size id="size"><real id="width">480</real><real id="height">320</real></size><boolean id="wrapX">false</boolean><boolean id="wrapY">false</boolean><point id="gravity"><real id="x">0</real><real id="y">0</real></point><color id="color"><real id="red">0</real><real id="green">0</real><real id="blue">1</real><real id="alpha">1</real></color><rect id="camera"><point id="origin"><real id="x">0</real><real id="y">0</real></point><size id="size"><real id="width">480</real><real id="height">320</real></size><size id="trackingArea"><real id="width">400</real><real id="height">260</real></size><real id="rotation">0</real></rect><attributes id="autorotate"><boolean id="landscapeLeft">true</boolean><boolean id="portrait">false</boolean><boolean id="landscapeRight">false</boolean><boolean id="portraitUpsideDown">false</boolean></attributes></attributes></scene>
