<?xml version="1.0" encoding="utf-8"?>
<actor id="id434921" PGFVersion="0.17" GSCVersion="0.9.91">
  <attributes>
    <text id="name">InGameName</text>
    <real id="time">0</real>
    <point id="position">
      <real id="x">0</real>
      <real id="y">0</real>
    </point>
    <size id="size">
      <real id="width">100</real>
      <real id="height">100</real>
    </size>
    <angle id="rotation">0</angle>
    <color id="color">
      <real id="red">1</real>
      <real id="green">1</real>
      <real id="blue">1</real>
      <real id="alpha">0</real>
    </color>
    <image id="image" />
    <text id="tags" />
    <boolean id="preloadArt">true</boolean>
  </attributes>
  <behaviors>
    <behavior id="id545108" class="NoteBehavior" enabled="true">
      <attributes>
        <text id="name">Note</text>
        <text id="bundleName">Note.behavior</text>
        <text id="note">The constraints below keep this actor firmly attached to the player at a fixed distance.</text>
      </attributes>
    </behavior>
    <behavior id="id951836" class="ConstrainAttributeBehavior" enabled="true">
      <attributes>
        <text id="name">Constrain Attribute</text>
        <text id="bundleName">ConstrainAttribute.behavior</text>
        <text id="targetAttribute">self.attributes.position.x</text>
        <text id="RHS">
          <expression>
            <reference keypath="game.attributes.id249994" />
          </expression>
        </text>
      </attributes>
    </behavior>
    <behavior id="id560969" class="ConstrainAttributeBehavior" enabled="true">
      <attributes>
        <text id="name">Constrain Attribute</text>
        <text id="bundleName">ConstrainAttribute.behavior</text>
        <text id="targetAttribute">self.attributes.position.y</text>
        <text id="RHS">
          <expression>
            <reference keypath="game.attributes.id781198" />
            <string>+60</string>
          </expression>
        </text>
      </attributes>
    </behavior>
    <behavior id="id161003" class="DisplayTextBehavior" enabled="true">
      <attributes>
        <text id="name">Display Text</text>
        <text id="bundleName">DisplayText.behavior</text>
        <text id="text">
          <expression>
            <reference keypath="game.attributes.id145664" />
          </expression>
        </text>
        <text id="font">Arial</text>
        <real id="size">14</real>
        <index id="alignment">1</index>
        <boolean id="wrap">false</boolean>
        <color id="color">
          <real id="red">0.222063</real>
          <real id="green">1</real>
          <real id="blue">0.0688898</real>
          <real id="alpha">1</real>
        </color>
      </attributes>
    </behavior>
  </behaviors>
  <aspects>
    <graphics>
      <attributes>
        <boolean id="visible">true</boolean>
        <enumeration id="blendingMode">0</enumeration>
        <enumeration id="horizontalWrap">0</enumeration>
        <enumeration id="verticalWrap">0</enumeration>
        <enumeration id="horizontalAnchor">0</enumeration>
        <enumeration id="verticalAnchor">0</enumeration>
        <boolean id="flipHorizontally">false</boolean>
        <boolean id="flipVertically">false</boolean>
      </attributes>
    </graphics>
    <motion>
      <attributes>
        <point id="linearVelocity">
          <real id="x">0</real>
          <real id="y">0</real>
        </point>
        <real id="angularVelocity">0</real>
        <real id="maxSpeed">0</real>
        <boolean id="applyMaxSpeed">false</boolean>
      </attributes>
    </motion>
    <physics>
      <attributes>
        <real id="density">1</real>
        <real id="friction">3</real>
        <real id="restitution">1</real>
        <boolean id="fixedRotation">false</boolean>
        <boolean id="movable">true</boolean>
        <enumeration id="collisionShape">0</enumeration>
        <real id="drag">0</real>
        <real id="angularDrag">0</real>
      </attributes>
    </physics>
  </aspects>
</actor>