<?xml version="1.0" encoding="utf-8"?>
<actor id="id592727" PGFVersion="0.17" GSCVersion="0.9.91">
  <attributes>
    <text id="name">Hero</text>
    <real id="time">0</real>
    <point id="position">
      <real id="x">0</real>
      <real id="y">0</real>
    </point>
    <size id="size">
      <real id="width">80</real>
      <real id="height">80</real>
    </size>
    <angle id="rotation">0</angle>
    <color id="color">
      <real id="red">1</real>
      <real id="green">1</real>
      <real id="blue">1</real>
      <real id="alpha">1</real>
    </color>
    <image id="image">Buddy1</image>
    <text id="tags" />
    <boolean id="preloadArt">true</boolean>
  </attributes>
  <behaviors>
    <behavior id="id844686" class="ConstrainAttributeBehavior" enabled="true">
      <attributes>
        <text id="name">Constrain Attribute</text>
        <text id="bundleName">ConstrainAttribute.behavior</text>
        <text id="targetAttribute">game.attributes.id249994</text>
        <text id="RHS">
          <expression>
            <reference keypath="self.attributes.position.x" />
          </expression>
        </text>
      </attributes>
    </behavior>
    <behavior id="id868253" class="ConstrainAttributeBehavior" enabled="true">
      <attributes>
        <text id="name">Constrain Attribute</text>
        <text id="bundleName">ConstrainAttribute.behavior</text>
        <text id="targetAttribute">game.attributes.id781198</text>
        <text id="RHS">
          <expression>
            <reference keypath="self.attributes.position.y" />
          </expression>
        </text>
      </attributes>
    </behavior>
    <behavior id="id473426" class="CompoundBehavior" enabled="true">
      <attributes>
        <text id="name">Typical Movement Behaviors for 8 way digital movement.</text>
        <text id="bundleName">Group.behavior</text>
      </attributes>
      <behaviors>
        <behavior id="id909164" class="RuleBehavior" enabled="true">
          <attributes>
            <text id="name">Up</text>
            <text id="bundleName">Rule.behavior</text>
            <real id="compoundConditionKind">0</real>
          </attributes>
          <conditions>
            <condition id="id553641" eventType="key">
              <attributes>
                <index id="conditionType">0</index>
              </attributes>
              <predicate type="key">
                <attributes>
                  <text id="mode">down</text>
                  <text id="keyString">up</text>
                </attributes>
              </predicate>
            </condition>
          </conditions>
          <behaviors>
            <behavior id="id849573" class="AnimateBehavior" enabled="true">
              <attributes>
                <text id="name">Animate</text>
                <text id="bundleName">Animate.behavior</text>
                <text id="images">Buddy2	Buddy1</text>
                <index id="speed">6</index>
                <boolean id="loop">true</boolean>
                <boolean id="restoreActorImage">true</boolean>
              </attributes>
            </behavior>
            <behavior id="id632180" class="MoveBehavior" enabled="true">
              <attributes>
                <text id="name">Move</text>
                <text id="bundleName">Move.behavior</text>
                <angle id="direction">90</angle>
                <index id="space">0</index>
                <index id="moveType">0</index>
                <real id="speed">80</real>
                <boolean id="haltWhenBehaviorStops">true</boolean>
              </attributes>
            </behavior>
          </behaviors>
          <elseBehaviors />
        </behavior>
        <behavior id="id764499" class="RuleBehavior" enabled="true">
          <attributes>
            <text id="name">Down</text>
            <text id="bundleName">Rule.behavior</text>
            <real id="compoundConditionKind">0</real>
          </attributes>
          <conditions>
            <condition id="id553641" eventType="key">
              <attributes>
                <index id="conditionType">0</index>
              </attributes>
              <predicate type="key">
                <attributes>
                  <text id="mode">down</text>
                  <text id="keyString">down</text>
                </attributes>
              </predicate>
            </condition>
          </conditions>
          <behaviors>
            <behavior id="id632180" class="MoveBehavior" enabled="true">
              <attributes>
                <text id="name">Move</text>
                <text id="bundleName">Move.behavior</text>
                <angle id="direction">270</angle>
                <index id="space">0</index>
                <index id="moveType">0</index>
                <real id="speed">80</real>
                <boolean id="haltWhenBehaviorStops">true</boolean>
              </attributes>
            </behavior>
            <behavior id="id279174" class="AnimateBehavior" enabled="true">
              <attributes>
                <text id="name">Animate</text>
                <text id="bundleName">Animate.behavior</text>
                <text id="images">Buddy2	Buddy1</text>
                <index id="speed">6</index>
                <boolean id="loop">true</boolean>
                <boolean id="restoreActorImage">true</boolean>
              </attributes>
            </behavior>
          </behaviors>
          <elseBehaviors />
        </behavior>
        <behavior id="id980028" class="RuleBehavior" enabled="true">
          <attributes>
            <text id="name">Left</text>
            <text id="bundleName">Rule.behavior</text>
            <real id="compoundConditionKind">0</real>
          </attributes>
          <conditions>
            <condition id="id553641" eventType="key">
              <attributes>
                <index id="conditionType">0</index>
              </attributes>
              <predicate type="key">
                <attributes>
                  <text id="mode">down</text>
                  <text id="keyString">left</text>
                </attributes>
              </predicate>
            </condition>
          </conditions>
          <behaviors>
            <behavior id="id173484" class="ChangeAttributeAction" enabled="true">
              <attributes>
                <text id="name">Change Attribute</text>
                <text id="bundleName">ChangeAttribute.behavior</text>
                <text id="targetAttribute">self.aspects.graphics.attributes.flipHorizontally</text>
                <text id="RHS">true</text>
              </attributes>
            </behavior>
            <behavior id="id770259" class="AnimateBehavior" enabled="true">
              <attributes>
                <text id="name">Animate</text>
                <text id="bundleName">Animate.behavior</text>
                <text id="images">Buddy2	Buddy1</text>
                <index id="speed">6</index>
                <boolean id="loop">true</boolean>
                <boolean id="restoreActorImage">true</boolean>
              </attributes>
            </behavior>
            <behavior id="id632180" class="MoveBehavior" enabled="true">
              <attributes>
                <text id="name">Move</text>
                <text id="bundleName">Move.behavior</text>
                <angle id="direction">180</angle>
                <index id="space">0</index>
                <index id="moveType">0</index>
                <real id="speed">80</real>
                <boolean id="haltWhenBehaviorStops">true</boolean>
              </attributes>
            </behavior>
          </behaviors>
          <elseBehaviors />
        </behavior>
        <behavior id="id671830" class="RuleBehavior" enabled="true">
          <attributes>
            <text id="name">Right</text>
            <text id="bundleName">Rule.behavior</text>
            <real id="compoundConditionKind">0</real>
          </attributes>
          <conditions>
            <condition id="id553641" eventType="key">
              <attributes>
                <index id="conditionType">0</index>
              </attributes>
              <predicate type="key">
                <attributes>
                  <text id="mode">down</text>
                  <text id="keyString">right</text>
                </attributes>
              </predicate>
            </condition>
          </conditions>
          <behaviors>
            <behavior id="id854318" class="ChangeAttributeAction" enabled="true">
              <attributes>
                <text id="name">Change Attribute</text>
                <text id="bundleName">ChangeAttribute.behavior</text>
                <text id="targetAttribute">self.aspects.graphics.attributes.flipHorizontally</text>
                <text id="RHS">false</text>
              </attributes>
            </behavior>
            <behavior id="id956559" class="AnimateBehavior" enabled="true">
              <attributes>
                <text id="name">Animate</text>
                <text id="bundleName">Animate.behavior</text>
                <text id="images">Buddy2	Buddy1</text>
                <index id="speed">6</index>
                <boolean id="loop">true</boolean>
                <boolean id="restoreActorImage">true</boolean>
              </attributes>
            </behavior>
            <behavior id="id632180" class="MoveBehavior" enabled="true">
              <attributes>
                <text id="name">Move</text>
                <text id="bundleName">Move.behavior</text>
                <angle id="direction">0</angle>
                <index id="space">0</index>
                <index id="moveType">0</index>
                <real id="speed">80</real>
                <boolean id="haltWhenBehaviorStops">true</boolean>
              </attributes>
            </behavior>
          </behaviors>
          <elseBehaviors />
        </behavior>
      </behaviors>
    </behavior>
  </behaviors>
  <aspects>
    <graphics>
      <attributes>
        <boolean id="visible">true</boolean>
        <enumeration id="blendingMode">0</enumeration>
        <enumeration id="horizontalWrap">0</enumeration>
        <enumeration id="verticalWrap">0</enumeration>
        <enumeration id="horizontalAnchor">0</enumeration>
        <enumeration id="verticalAnchor">0</enumeration>
        <boolean id="flipHorizontally">false</boolean>
        <boolean id="flipVertically">false</boolean>
      </attributes>
    </graphics>
    <motion>
      <attributes>
        <point id="linearVelocity">
          <real id="x">0</real>
          <real id="y">0</real>
        </point>
        <real id="angularVelocity">0</real>
        <real id="maxSpeed">0</real>
        <boolean id="applyMaxSpeed">false</boolean>
      </attributes>
    </motion>
    <physics>
      <attributes>
        <real id="density">1</real>
        <real id="friction">3</real>
        <real id="restitution">1</real>
        <boolean id="fixedRotation">false</boolean>
        <boolean id="movable">true</boolean>
        <enumeration id="collisionShape">0</enumeration>
        <real id="drag">0</real>
        <real id="angularDrag">0</real>
      </attributes>
    </physics>
  </aspects>
</actor>