<?xml version="1.0" encoding="utf-8"?>
<actor id="id348576" PGFVersion="0.17" GSCVersion="0.9.91">
  <attributes>
    <text id="name">LifeBarMock</text>
    <real id="time">0</real>
    <point id="position">
      <real id="x">0</real>
      <real id="y">0</real>
    </point>
    <size id="size">
      <real id="width">28</real>
      <real id="height">6</real>
    </size>
    <angle id="rotation">0</angle>
    <color id="color">
      <real id="red">1</real>
      <real id="green">1</real>
      <real id="blue">1</real>
      <real id="alpha">1</real>
    </color>
    <image id="image">LifeBarMock</image>
    <text id="tags" />
    <boolean id="preloadArt">true</boolean>
  </attributes>
  <behaviors>
    <behavior id="id952856" class="NoteBehavior" enabled="true">
      <attributes>
        <text id="name">Note</text>
        <text id="bundleName">Note.behavior</text>
        <text id="note">The constraints below keep this lifebar at a fixed distance above the player. For the sake of this demo, the bar does nothing though it could be used for communicating health, damage, ammo, etc.
</text>
      </attributes>
    </behavior>
    <behavior id="id525045" class="ConstrainAttributeBehavior" enabled="true">
      <attributes>
        <text id="name">Constrain Attribute</text>
        <text id="bundleName">ConstrainAttribute.behavior</text>
        <text id="targetAttribute">self.attributes.position.x</text>
        <text id="RHS">
          <expression>
            <reference keypath="game.attributes.id249994" />
          </expression>
        </text>
      </attributes>
    </behavior>
    <behavior id="id448187" class="ConstrainAttributeBehavior" enabled="true">
      <attributes>
        <text id="name">Constrain Attribute</text>
        <text id="bundleName">ConstrainAttribute.behavior</text>
        <text id="targetAttribute">self.attributes.position.y</text>
        <text id="RHS">
          <expression>
            <reference keypath="game.attributes.id781198" />
            <string>+45</string>
          </expression>
        </text>
      </attributes>
    </behavior>
  </behaviors>
  <aspects>
    <graphics>
      <attributes>
        <boolean id="visible">true</boolean>
        <enumeration id="blendingMode">0</enumeration>
        <enumeration id="horizontalWrap">0</enumeration>
        <enumeration id="verticalWrap">0</enumeration>
        <enumeration id="horizontalAnchor">0</enumeration>
        <enumeration id="verticalAnchor">0</enumeration>
        <boolean id="flipHorizontally">false</boolean>
        <boolean id="flipVertically">false</boolean>
      </attributes>
    </graphics>
    <motion>
      <attributes>
        <point id="linearVelocity">
          <real id="x">0</real>
          <real id="y">0</real>
        </point>
        <real id="angularVelocity">0</real>
        <real id="maxSpeed">0</real>
        <boolean id="applyMaxSpeed">false</boolean>
      </attributes>
    </motion>
    <physics>
      <attributes>
        <real id="density">1</real>
        <real id="friction">3</real>
        <real id="restitution">1</real>
        <boolean id="fixedRotation">false</boolean>
        <boolean id="movable">true</boolean>
        <enumeration id="collisionShape">0</enumeration>
        <real id="drag">0</real>
        <real id="angularDrag">0</real>
      </attributes>
    </physics>
  </aspects>
</actor>