<?xml version="1.0" encoding="utf-8"?>
<actor id="id683865" PGFVersion="0.17" GSCVersion="0.9.91">
  <attributes>
    <text id="name">TextActor</text>
    <real id="time">0</real>
    <point id="position">
      <real id="x">0</real>
      <real id="y">0</real>
    </point>
    <size id="size">
      <real id="width">110</real>
      <real id="height">24</real>
    </size>
    <angle id="rotation">0</angle>
    <color id="color">
      <real id="red">1</real>
      <real id="green">1</real>
      <real id="blue">1</real>
      <real id="alpha">0</real>
    </color>
    <image id="image" />
    <text id="tags" />
    <boolean id="preloadArt">true</boolean>
    <integer id="id604926" name="ID">0</integer>
  </attributes>
  <behaviors>
    <behavior id="id555077" class="NoteBehavior" enabled="true">
      <attributes>
        <text id="name">Note</text>
        <text id="bundleName">Note.behavior</text>
        <text id="note">Display the corresponding text from game attributes, using self.ID to designate which attributes to reference.</text>
      </attributes>
    </behavior>
    <behavior id="id419743" class="RuleBehavior" enabled="true">
      <attributes>
        <text id="name">1</text>
        <text id="bundleName">Rule.behavior</text>
        <real id="compoundConditionKind">0</real>
      </attributes>
      <conditions>
        <condition id="id774724" eventType="mouse button">
          <attributes>
            <index id="conditionType">1</index>
            <text id="subjectAttribute">self.attributes.id604926</text>
          </attributes>
          <predicate type="number">
            <attributes>
              <text id="operator">=</text>
              <real id="RHS">1</real>
            </attributes>
          </predicate>
        </condition>
      </conditions>
      <behaviors>
        <behavior id="id157858" class="DisplayTextBehavior" enabled="true">
          <attributes>
            <text id="name">Display Text</text>
            <text id="bundleName">DisplayText.behavior</text>
            <text id="text">
              <expression>
                <reference keypath="game.attributes.id710859" />
              </expression>
            </text>
            <text id="font">Arial</text>
            <real id="size">12</real>
            <index id="alignment">0</index>
            <boolean id="wrap">true</boolean>
            <color id="color">
              <real id="red">0.229912</real>
              <real id="green">0.126366</real>
              <real id="blue">0.0631259</real>
              <real id="alpha">1</real>
            </color>
          </attributes>
        </behavior>
      </behaviors>
      <elseBehaviors>
        <behavior id="id844509" class="RuleBehavior" enabled="true">
          <attributes>
            <text id="name">2</text>
            <text id="bundleName">Rule.behavior</text>
            <real id="compoundConditionKind">0</real>
          </attributes>
          <conditions>
            <condition id="id774724" eventType="mouse button">
              <attributes>
                <index id="conditionType">1</index>
                <text id="subjectAttribute">self.attributes.id604926</text>
              </attributes>
              <predicate type="number">
                <attributes>
                  <text id="operator">=</text>
                  <real id="RHS">2</real>
                </attributes>
              </predicate>
            </condition>
          </conditions>
          <behaviors>
            <behavior id="id157858" class="DisplayTextBehavior" enabled="true">
              <attributes>
                <text id="name">Display Text</text>
                <text id="bundleName">DisplayText.behavior</text>
                <text id="text">
                  <expression>
                    <reference keypath="game.attributes.id707086" />
                  </expression>
                </text>
                <text id="font">Arial</text>
                <real id="size">12</real>
                <index id="alignment">0</index>
                <boolean id="wrap">true</boolean>
                <color id="color">
                  <real id="red">0.229912</real>
                  <real id="green">0.126366</real>
                  <real id="blue">0.0631259</real>
                  <real id="alpha">1</real>
                </color>
              </attributes>
            </behavior>
          </behaviors>
          <elseBehaviors>
            <behavior id="id263826" class="RuleBehavior" enabled="true">
              <attributes>
                <text id="name">3</text>
                <text id="bundleName">Rule.behavior</text>
                <real id="compoundConditionKind">0</real>
              </attributes>
              <conditions>
                <condition id="id774724" eventType="mouse button">
                  <attributes>
                    <index id="conditionType">1</index>
                    <text id="subjectAttribute">self.attributes.id604926</text>
                  </attributes>
                  <predicate type="number">
                    <attributes>
                      <text id="operator">=</text>
                      <real id="RHS">3</real>
                    </attributes>
                  </predicate>
                </condition>
              </conditions>
              <behaviors>
                <behavior id="id157858" class="DisplayTextBehavior" enabled="true">
                  <attributes>
                    <text id="name">Display Text</text>
                    <text id="bundleName">DisplayText.behavior</text>
                    <text id="text">
                      <expression>
                        <reference keypath="game.attributes.id388623" />
                      </expression>
                    </text>
                    <text id="font">Arial</text>
                    <real id="size">12</real>
                    <index id="alignment">0</index>
                    <boolean id="wrap">true</boolean>
                    <color id="color">
                      <real id="red">0.229912</real>
                      <real id="green">0.126366</real>
                      <real id="blue">0.0631259</real>
                      <real id="alpha">1</real>
                    </color>
                  </attributes>
                </behavior>
              </behaviors>
              <elseBehaviors>
                <behavior id="id896061" class="RuleBehavior" enabled="true">
                  <attributes>
                    <text id="name">4</text>
                    <text id="bundleName">Rule.behavior</text>
                    <real id="compoundConditionKind">0</real>
                  </attributes>
                  <conditions>
                    <condition id="id774724" eventType="mouse button">
                      <attributes>
                        <index id="conditionType">1</index>
                        <text id="subjectAttribute">self.attributes.id604926</text>
                      </attributes>
                      <predicate type="number">
                        <attributes>
                          <text id="operator">=</text>
                          <real id="RHS">4</real>
                        </attributes>
                      </predicate>
                    </condition>
                  </conditions>
                  <behaviors>
                    <behavior id="id157858" class="DisplayTextBehavior" enabled="true">
                      <attributes>
                        <text id="name">Display Text</text>
                        <text id="bundleName">DisplayText.behavior</text>
                        <text id="text">
                          <expression>
                            <reference keypath="game.attributes.id543157" />
                          </expression>
                        </text>
                        <text id="font">Arial</text>
                        <real id="size">12</real>
                        <index id="alignment">0</index>
                        <boolean id="wrap">true</boolean>
                        <color id="color">
                          <real id="red">0.229912</real>
                          <real id="green">0.126366</real>
                          <real id="blue">0.0631259</real>
                          <real id="alpha">1</real>
                        </color>
                      </attributes>
                    </behavior>
                  </behaviors>
                  <elseBehaviors>
                    <behavior id="id635315" class="RuleBehavior" enabled="true">
                      <attributes>
                        <text id="name">5</text>
                        <text id="bundleName">Rule.behavior</text>
                        <real id="compoundConditionKind">0</real>
                      </attributes>
                      <conditions>
                        <condition id="id774724" eventType="mouse button">
                          <attributes>
                            <index id="conditionType">1</index>
                            <text id="subjectAttribute">self.attributes.id604926</text>
                          </attributes>
                          <predicate type="number">
                            <attributes>
                              <text id="operator">=</text>
                              <real id="RHS">5</real>
                            </attributes>
                          </predicate>
                        </condition>
                      </conditions>
                      <behaviors>
                        <behavior id="id157858" class="DisplayTextBehavior" enabled="true">
                          <attributes>
                            <text id="name">Display Text</text>
                            <text id="bundleName">DisplayText.behavior</text>
                            <text id="text">
                              <expression>
                                <reference keypath="game.attributes.id191836" />
                              </expression>
                            </text>
                            <text id="font">Arial</text>
                            <real id="size">12</real>
                            <index id="alignment">0</index>
                            <boolean id="wrap">true</boolean>
                            <color id="color">
                              <real id="red">0.229912</real>
                              <real id="green">0.126366</real>
                              <real id="blue">0.0631259</real>
                              <real id="alpha">1</real>
                            </color>
                          </attributes>
                        </behavior>
                      </behaviors>
                      <elseBehaviors>
                        <behavior id="id780039" class="RuleBehavior" enabled="true">
                          <attributes>
                            <text id="name">6</text>
                            <text id="bundleName">Rule.behavior</text>
                            <real id="compoundConditionKind">0</real>
                          </attributes>
                          <conditions>
                            <condition id="id774724" eventType="mouse button">
                              <attributes>
                                <index id="conditionType">1</index>
                                <text id="subjectAttribute">self.attributes.id604926</text>
                              </attributes>
                              <predicate type="number">
                                <attributes>
                                  <text id="operator">=</text>
                                  <real id="RHS">6</real>
                                </attributes>
                              </predicate>
                            </condition>
                          </conditions>
                          <behaviors>
                            <behavior id="id157858" class="DisplayTextBehavior" enabled="true">
                              <attributes>
                                <text id="name">Display Text</text>
                                <text id="bundleName">DisplayText.behavior</text>
                                <text id="text">
                                  <expression>
                                    <reference keypath="game.attributes.id617635" />
                                  </expression>
                                </text>
                                <text id="font">Arial</text>
                                <real id="size">12</real>
                                <index id="alignment">0</index>
                                <boolean id="wrap">true</boolean>
                                <color id="color">
                                  <real id="red">0.229912</real>
                                  <real id="green">0.126366</real>
                                  <real id="blue">0.0631259</real>
                                  <real id="alpha">1</real>
                                </color>
                              </attributes>
                            </behavior>
                          </behaviors>
                          <elseBehaviors>
                            <behavior id="id921032" class="RuleBehavior" enabled="true">
                              <attributes>
                                <text id="name">7</text>
                                <text id="bundleName">Rule.behavior</text>
                                <real id="compoundConditionKind">0</real>
                              </attributes>
                              <conditions>
                                <condition id="id774724" eventType="mouse button">
                                  <attributes>
                                    <index id="conditionType">1</index>
                                    <text id="subjectAttribute">self.attributes.id604926</text>
                                  </attributes>
                                  <predicate type="number">
                                    <attributes>
                                      <text id="operator">=</text>
                                      <real id="RHS">7</real>
                                    </attributes>
                                  </predicate>
                                </condition>
                              </conditions>
                              <behaviors>
                                <behavior id="id157858" class="DisplayTextBehavior" enabled="true">
                                  <attributes>
                                    <text id="name">Display Text</text>
                                    <text id="bundleName">DisplayText.behavior</text>
                                    <text id="text">
                                      <expression>
                                        <reference keypath="game.attributes.id613758" />
                                      </expression>
                                    </text>
                                    <text id="font">Arial</text>
                                    <real id="size">12</real>
                                    <index id="alignment">0</index>
                                    <boolean id="wrap">true</boolean>
                                    <color id="color">
                                      <real id="red">0.229912</real>
                                      <real id="green">0.126366</real>
                                      <real id="blue">0.0631259</real>
                                      <real id="alpha">1</real>
                                    </color>
                                  </attributes>
                                </behavior>
                              </behaviors>
                              <elseBehaviors>
                                <behavior id="id580288" class="RuleBehavior" enabled="true">
                                  <attributes>
                                    <text id="name">8</text>
                                    <text id="bundleName">Rule.behavior</text>
                                    <real id="compoundConditionKind">0</real>
                                  </attributes>
                                  <conditions>
                                    <condition id="id774724" eventType="mouse button">
                                      <attributes>
                                        <index id="conditionType">1</index>
                                        <text id="subjectAttribute">self.attributes.id604926</text>
                                      </attributes>
                                      <predicate type="number">
                                        <attributes>
                                          <text id="operator">=</text>
                                          <real id="RHS">8</real>
                                        </attributes>
                                      </predicate>
                                    </condition>
                                  </conditions>
                                  <behaviors>
                                    <behavior id="id157858" class="DisplayTextBehavior" enabled="true">
                                      <attributes>
                                        <text id="name">Display Text</text>
                                        <text id="bundleName">DisplayText.behavior</text>
                                        <text id="text">
                                          <expression>
                                            <reference keypath="game.attributes.id887439" />
                                          </expression>
                                        </text>
                                        <text id="font">Arial</text>
                                        <real id="size">12</real>
                                        <index id="alignment">0</index>
                                        <boolean id="wrap">true</boolean>
                                        <color id="color">
                                          <real id="red">0.229912</real>
                                          <real id="green">0.126366</real>
                                          <real id="blue">0.0631259</real>
                                          <real id="alpha">1</real>
                                        </color>
                                      </attributes>
                                    </behavior>
                                  </behaviors>
                                  <elseBehaviors />
                                </behavior>
                              </elseBehaviors>
                            </behavior>
                          </elseBehaviors>
                        </behavior>
                      </elseBehaviors>
                    </behavior>
                  </elseBehaviors>
                </behavior>
              </elseBehaviors>
            </behavior>
          </elseBehaviors>
        </behavior>
      </elseBehaviors>
    </behavior>
  </behaviors>
  <aspects>
    <graphics>
      <attributes>
        <boolean id="visible">true</boolean>
        <enumeration id="blendingMode">0</enumeration>
        <enumeration id="horizontalWrap">0</enumeration>
        <enumeration id="verticalWrap">0</enumeration>
        <enumeration id="horizontalAnchor">0</enumeration>
        <enumeration id="verticalAnchor">0</enumeration>
        <boolean id="flipHorizontally">false</boolean>
        <boolean id="flipVertically">false</boolean>
      </attributes>
    </graphics>
    <motion>
      <attributes>
        <point id="linearVelocity">
          <real id="x">0</real>
          <real id="y">0</real>
        </point>
        <real id="angularVelocity">0</real>
        <real id="maxSpeed">0</real>
        <boolean id="applyMaxSpeed">false</boolean>
      </attributes>
    </motion>
    <physics>
      <attributes>
        <real id="density">1</real>
        <real id="friction">3</real>
        <real id="restitution">1</real>
        <boolean id="fixedRotation">false</boolean>
        <boolean id="movable">true</boolean>
        <enumeration id="collisionShape">0</enumeration>
        <real id="drag">0</real>
        <real id="angularDrag">0</real>
      </attributes>
    </physics>
  </aspects>
</actor>