<?xml version="1.0" encoding="utf-8"?>
<actor id="id512785" PGFVersion="0.17" GSCVersion="0.9.91">
  <attributes>
    <text id="name">Big Asteroid</text>
    <real id="time">0</real>
    <point id="position">
      <real id="x">0</real>
      <real id="y">0</real>
    </point>
    <size id="size">
      <real id="width">64</real>
      <real id="height">64</real>
    </size>
    <angle id="rotation">0</angle>
    <color id="color">
      <real id="red">1</real>
      <real id="green">1</real>
      <real id="blue">1</real>
      <real id="alpha">1</real>
    </color>
    <image id="image">asteroid-paper-64x64</image>
    <text id="tags">Enemies</text>
    <boolean id="preloadArt">true</boolean>
  </attributes>
  <behaviors>
    <behavior id="id762149" class="CollideBehavior" enabled="true">
      <attributes>
        <text id="name">Collide</text>
        <text id="bundleName">Collide.behavior</text>
        <text id="prototypeKey">id780044</text>
        <text id="actorTag">Player objects</text>
        <index id="mode">1</index>
      </attributes>
    </behavior>
    <behavior id="id817772" class="NoteBehavior" enabled="true">
      <attributes>
        <text id="name">Note</text>
        <text id="bundleName">Note.behavior</text>
        <text id="note">Study the behaviors on this actor to understand collision in GameSalad.</text>
      </attributes>
    </behavior>
    <behavior id="id326493" class="ChangeVelocityAction" enabled="true">
      <attributes>
        <text id="name">Change Velocity</text>
        <text id="bundleName">ChangeVelocity.behavior</text>
        <angle id="direction">
          <expression>
            <string>random(0,360)</string>
          </expression>
        </angle>
        <index id="space">0</index>
        <real id="speed">75</real>
      </attributes>
    </behavior>
    <behavior id="id230871" class="RotateBehavior" enabled="true">
      <attributes>
        <text id="name">Rotate</text>
        <text id="bundleName">Rotate.behavior</text>
        <real id="angularVelocity">
          <expression>
            <string>random(50,75)</string>
          </expression>
        </real>
        <index id="direction">1</index>
        <boolean id="haltWhenBehaviorStops">true</boolean>
      </attributes>
    </behavior>
    <behavior id="id389504" class="RuleBehavior" enabled="true">
      <attributes>
        <text id="name">Collide with Player or Missile Rule</text>
        <text id="bundleName">Rule.behavior</text>
        <real id="compoundConditionKind">1</real>
      </attributes>
      <conditions>
        <condition id="id994930" eventType="overlaps or collides">
          <attributes>
            <index id="conditionType">0</index>
            <text id="name">default name</text>
          </attributes>
          <predicate type="collision">
            <attributes>
              <text id="prototypeKey">id780044</text>
              <text id="actorTag">Player objects</text>
              <real id="mode">1</real>
              <text id="name">default name</text>
              <boolean id="walls">false</boolean>
              <boolean id="otherActors">true</boolean>
            </attributes>
          </predicate>
        </condition>
      </conditions>
      <behaviors>
        <behavior id="id945240" class="ChangeAttributeAction" enabled="true">
          <attributes>
            <text id="name">Change Attribute</text>
            <text id="bundleName">ChangeAttribute.behavior</text>
            <text id="targetAttribute">game.attributes.id388032</text>
            <text id="RHS">
              <expression>
                <reference keypath="game.attributes.id388032" />
                <string>+1</string>
              </expression>
            </text>
          </attributes>
        </behavior>
        <behavior id="id840639" class="PlaySoundAction" enabled="true">
          <attributes>
            <text id="name">Play Sound</text>
            <text id="bundleName">PlaySound.behavior</text>
            <sound id="soundName">classic_explode</sound>
            <boolean id="loop">false</boolean>
            <boolean id="runToCompletion">true</boolean>
            <boolean id="positional">false</boolean>
            <boolean id="dopplerShift">false</boolean>
            <real id="volume">1</real>
            <real id="pitch">1</real>
            <boolean id="usePositionalSound">false</boolean>
          </attributes>
        </behavior>
        <behavior id="id959989" class="DestroyAction" enabled="true">
          <attributes>
            <text id="name">Destroy</text>
            <text id="bundleName">Destroy.behavior</text>
          </attributes>
        </behavior>
        <behavior id="id843918" class="SpawnAction" enabled="true">
          <attributes>
            <text id="name">Spawn Actor</text>
            <text id="bundleName">Spawn.behavior</text>
            <text id="prototypeKey">id579490</text>
            <angle id="direction">0</angle>
            <index id="directionSpace">0</index>
            <real id="x">0</real>
            <real id="y">0</real>
            <index id="positionSpace">0</index>
            <index id="layerOrder">0</index>
          </attributes>
        </behavior>
        <behavior id="id869777" class="ChangeAttributeAction" enabled="true">
          <attributes>
            <text id="name">Change Score Attribute</text>
            <text id="bundleName">ChangeAttribute.behavior</text>
            <text id="targetAttribute">game.attributes.id636920</text>
            <text id="RHS">
              <expression>
                <reference keypath="game.attributes.id636920" />
                <string>+100</string>
              </expression>
            </text>
          </attributes>
        </behavior>
        <behavior id="id334442" class="SpawnAction" enabled="true">
          <attributes>
            <text id="name">Spawn Actor</text>
            <text id="bundleName">Spawn.behavior</text>
            <text id="prototypeKey">id579490</text>
            <angle id="direction">0</angle>
            <index id="directionSpace">0</index>
            <real id="x">0</real>
            <real id="y">0</real>
            <index id="positionSpace">0</index>
            <index id="layerOrder">0</index>
          </attributes>
        </behavior>
      </behaviors>
      <elseBehaviors />
    </behavior>
  </behaviors>
  <aspects>
    <graphics>
      <attributes>
        <boolean id="visible">true</boolean>
        <enumeration id="blendingMode">0</enumeration>
        <enumeration id="horizontalWrap">0</enumeration>
        <enumeration id="verticalWrap">0</enumeration>
        <enumeration id="horizontalAnchor">0</enumeration>
        <enumeration id="verticalAnchor">0</enumeration>
        <boolean id="flipHorizontally">false</boolean>
        <boolean id="flipVertically">false</boolean>
      </attributes>
    </graphics>
    <motion>
      <attributes>
        <point id="linearVelocity">
          <real id="x">0</real>
          <real id="y">0</real>
        </point>
        <real id="angularVelocity">0</real>
        <real id="maxSpeed">0</real>
        <boolean id="applyMaxSpeed">false</boolean>
      </attributes>
    </motion>
    <physics>
      <attributes>
        <real id="density">1</real>
        <real id="friction">3</real>
        <real id="restitution">1</real>
        <boolean id="fixedRotation">false</boolean>
        <boolean id="movable">true</boolean>
        <enumeration id="collisionShape">0</enumeration>
        <real id="drag">0</real>
        <real id="angularDrag">0</real>
      </attributes>
    </physics>
  </aspects>
</actor>