<?xml version="1.0" encoding="utf-8"?>
<actor id="id142340" PGFVersion="0.17" GSCVersion="0.9.91">
  <attributes>
    <text id="name">Enemy Ship</text>
    <real id="time">0</real>
    <point id="position">
      <real id="x">0</real>
      <real id="y">0</real>
    </point>
    <size id="size">
      <real id="width">64</real>
      <real id="height">64</real>
    </size>
    <angle id="rotation">0</angle>
    <color id="color">
      <real id="red">1</real>
      <real id="green">1</real>
      <real id="blue">1</real>
      <real id="alpha">1</real>
    </color>
    <image id="image">small_alien_ship-paper</image>
    <text id="tags">Enemies</text>
    <boolean id="preloadArt">true</boolean>
  </attributes>
  <behaviors>
    <behavior id="id415867" class="CollideBehavior" enabled="true">
      <attributes>
        <text id="name">Collide</text>
        <text id="bundleName">Collide.behavior</text>
        <text id="prototypeKey">id780044</text>
        <text id="actorTag">Enemies</text>
        <index id="mode">1</index>
      </attributes>
    </behavior>
    <behavior id="id193065" class="RuleBehavior" enabled="true">
      <attributes>
        <text id="name">Hit By Missile or Player Rule</text>
        <text id="bundleName">Rule.behavior</text>
        <real id="compoundConditionKind">1</real>
      </attributes>
      <conditions>
        <condition id="id452090" eventType="overlaps or collides">
          <attributes>
            <index id="conditionType">0</index>
            <text id="name">default name</text>
          </attributes>
          <predicate type="collision">
            <attributes>
              <text id="prototypeKey">id297063</text>
              <text id="actorTag">Player objects</text>
              <real id="mode">1</real>
              <text id="name">default name</text>
              <boolean id="walls">false</boolean>
              <boolean id="otherActors">true</boolean>
            </attributes>
          </predicate>
        </condition>
      </conditions>
      <behaviors>
        <behavior id="id953417" class="DestroyAction" enabled="true">
          <attributes>
            <text id="name">Destroy</text>
            <text id="bundleName">Destroy.behavior</text>
          </attributes>
        </behavior>
        <behavior id="id194729" class="ChangeAttributeAction" enabled="true">
          <attributes>
            <text id="name">Change Score Attribute</text>
            <text id="bundleName">ChangeAttribute.behavior</text>
            <text id="targetAttribute">game.attributes.id636920</text>
            <text id="RHS">
              <expression>
                <reference keypath="game.attributes.id636920" />
                <string>+500</string>
              </expression>
            </text>
          </attributes>
        </behavior>
        <behavior id="id136242" class="PlaySoundAction" enabled="true">
          <attributes>
            <text id="name">Play Sound</text>
            <text id="bundleName">PlaySound.behavior</text>
            <sound id="soundName">explode</sound>
            <boolean id="loop">false</boolean>
            <boolean id="runToCompletion">true</boolean>
            <boolean id="positional">false</boolean>
            <boolean id="dopplerShift">false</boolean>
            <real id="volume">1</real>
            <real id="pitch">1</real>
            <boolean id="usePositionalSound">false</boolean>
          </attributes>
        </behavior>
        <behavior id="id146135" class="ChangeAttributeAction" enabled="true">
          <attributes>
            <text id="name">Change Attribute</text>
            <text id="bundleName">ChangeAttribute.behavior</text>
            <text id="targetAttribute">game.attributes.id388032</text>
            <text id="RHS">
              <expression>
                <reference keypath="game.attributes.id388032" />
                <string>-1</string>
              </expression>
            </text>
          </attributes>
        </behavior>
      </behaviors>
      <elseBehaviors />
    </behavior>
    <behavior id="id395833" class="TimerBehavior" enabled="true">
      <attributes>
        <text id="name">Timer</text>
        <text id="bundleName">Timer.behavior</text>
        <index id="timerType">0</index>
        <real id="interval">0.2</real>
        <boolean id="runToCompletion">false</boolean>
      </attributes>
      <behaviors>
        <behavior id="id578029" class="AccelerateTowardBehavior" enabled="true">
          <attributes>
            <text id="name">Accelerate Toward</text>
            <text id="bundleName">AccelerateToward.behavior</text>
            <point id="position">
              <real id="x">
                <expression>
                  <reference keypath="game.attributes.id932224" />
                </expression>
              </real>
              <real id="y">
                <expression>
                  <reference keypath="game.attributes.id400095" />
                </expression>
              </real>
            </point>
            <index id="space">1</index>
            <real id="acceleration">50</real>
            <real id="maxSpeed">100</real>
          </attributes>
        </behavior>
      </behaviors>
    </behavior>
  </behaviors>
  <aspects>
    <graphics>
      <attributes>
        <boolean id="visible">true</boolean>
        <enumeration id="blendingMode">0</enumeration>
        <enumeration id="horizontalWrap">0</enumeration>
        <enumeration id="verticalWrap">0</enumeration>
        <enumeration id="horizontalAnchor">0</enumeration>
        <enumeration id="verticalAnchor">0</enumeration>
        <boolean id="flipHorizontally">false</boolean>
        <boolean id="flipVertically">false</boolean>
      </attributes>
    </graphics>
    <motion>
      <attributes>
        <point id="linearVelocity">
          <real id="x">0</real>
          <real id="y">0</real>
        </point>
        <real id="angularVelocity">0</real>
        <real id="maxSpeed">0</real>
        <boolean id="applyMaxSpeed">false</boolean>
      </attributes>
    </motion>
    <physics>
      <attributes>
        <real id="density">1</real>
        <real id="friction">3</real>
        <real id="restitution">1</real>
        <boolean id="fixedRotation">false</boolean>
        <boolean id="movable">true</boolean>
        <enumeration id="collisionShape">0</enumeration>
        <real id="drag">0</real>
        <real id="angularDrag">0</real>
      </attributes>
    </physics>
  </aspects>
</actor>