<?xml version="1.0" encoding="utf-8"?>
<actor id="id917984" PGFVersion="0.17" GSCVersion="0.9.91">
  <attributes>
    <text id="name">Template Info</text>
    <real id="time">0</real>
    <point id="position">
      <real id="x">0</real>
      <real id="y">0</real>
    </point>
    <size id="size">
      <real id="width">100</real>
      <real id="height">100</real>
    </size>
    <angle id="rotation">0</angle>
    <color id="color">
      <real id="red">1</real>
      <real id="green">1</real>
      <real id="blue">1</real>
      <real id="alpha">0.1</real>
    </color>
    <image id="image" />
    <text id="tags" />
    <boolean id="preloadArt">true</boolean>
  </attributes>
  <behaviors>
    <behavior id="id925229" class="NoteBehavior" enabled="true">
      <attributes>
        <text id="name">Note</text>
        <text id="bundleName">Note.behavior</text>
        <text id="note">Use the left and right arrow keys to rotate the player, up key to accelerate, and down key to warp. Use the spacebar to fire. Study each individual actor prototype to understand behaviors in GameSalad.</text>
      </attributes>
    </behavior>
    <behavior id="id142447" class="NoteBehavior" enabled="true">
      <attributes>
        <text id="name">Note</text>
        <text id="bundleName">Note.behavior</text>
        <text id="note">To get  additional ideas on how to add interactivity to this template, visit the Creator site at www.gamesalad.com/support</text>
      </attributes>
    </behavior>
  </behaviors>
  <aspects>
    <graphics>
      <attributes>
        <boolean id="visible">true</boolean>
        <enumeration id="blendingMode">0</enumeration>
        <enumeration id="horizontalWrap">0</enumeration>
        <enumeration id="verticalWrap">0</enumeration>
        <enumeration id="horizontalAnchor">0</enumeration>
        <enumeration id="verticalAnchor">0</enumeration>
        <boolean id="flipHorizontally">false</boolean>
        <boolean id="flipVertically">false</boolean>
      </attributes>
    </graphics>
    <motion>
      <attributes>
        <point id="linearVelocity">
          <real id="x">0</real>
          <real id="y">0</real>
        </point>
        <real id="angularVelocity">0</real>
        <real id="maxSpeed">0</real>
        <boolean id="applyMaxSpeed">false</boolean>
      </attributes>
    </motion>
    <physics>
      <attributes>
        <real id="density">1</real>
        <real id="friction">3</real>
        <real id="restitution">1</real>
        <boolean id="fixedRotation">false</boolean>
        <boolean id="movable">false</boolean>
        <enumeration id="collisionShape">0</enumeration>
        <real id="drag">0</real>
        <real id="angularDrag">0</real>
      </attributes>
    </physics>
  </aspects>
</actor>