<?xml version="1.0" encoding="utf-8"?>
<actor id="id814191" PGFVersion="0.17" GSCVersion="0.9.91">
  <attributes>
    <text id="name">Game Controller</text>
    <real id="time">0</real>
    <point id="position">
      <real id="x">0</real>
      <real id="y">0</real>
    </point>
    <size id="size">
      <real id="width">100</real>
      <real id="height">100</real>
    </size>
    <angle id="rotation">0</angle>
    <color id="color">
      <real id="red">1</real>
      <real id="green">1</real>
      <real id="blue">1</real>
      <real id="alpha">0</real>
    </color>
    <image id="image" />
    <text id="tags" />
    <boolean id="preloadArt">true</boolean>
  </attributes>
  <behaviors>
    <behavior id="id844053" class="RuleBehavior" enabled="true">
      <attributes>
        <text id="name">Instructions Rule</text>
        <text id="bundleName">Rule.behavior</text>
        <real id="compoundConditionKind">0</real>
      </attributes>
      <conditions>
        <condition id="id516924" eventType="">
          <attributes>
            <index id="conditionType">1</index>
            <text id="subjectAttribute">game.attributes.id567526</text>
            <text id="name">default name</text>
          </attributes>
          <predicate type="boolean">
            <attributes>
              <index id="RHS">0</index>
              <text id="name">default name</text>
              <text id="operator">=</text>
            </attributes>
          </predicate>
        </condition>
        <condition id="id337473" eventType="">
          <attributes>
            <index id="conditionType">1</index>
            <text id="subjectAttribute">game.attributes.id751292</text>
            <text id="name">default name</text>
          </attributes>
          <predicate type="number">
            <attributes>
              <text id="operator">&gt;</text>
              <real id="RHS">0</real>
              <text id="name">default name</text>
            </attributes>
          </predicate>
        </condition>
      </conditions>
      <behaviors>
        <behavior id="id801291" class="DisplayTextBehavior" enabled="true">
          <attributes>
            <text id="name">Display Text</text>
            <text id="bundleName">DisplayText.behavior</text>
            <text id="text">Press the N Key to
spawn a new ship.</text>
            <text id="font">Verdana</text>
            <real id="size">18</real>
            <index id="alignment">1</index>
            <boolean id="wrap">false</boolean>
            <color id="color">
              <real id="red">0</real>
              <real id="green">0</real>
              <real id="blue">0</real>
              <real id="alpha">1</real>
            </color>
          </attributes>
        </behavior>
      </behaviors>
      <elseBehaviors />
    </behavior>
    <behavior id="id545367" class="RuleBehavior" enabled="true">
      <attributes>
        <text id="name">Spawn A Player Rule</text>
        <text id="bundleName">Rule.behavior</text>
        <real id="compoundConditionKind">0</real>
      </attributes>
      <conditions>
        <condition id="id312348" eventType="key">
          <attributes>
            <index id="conditionType">0</index>
            <text id="name">default name</text>
          </attributes>
          <predicate type="key">
            <attributes>
              <text id="mode">down</text>
              <text id="keyString">n</text>
              <text id="name">default name</text>
            </attributes>
          </predicate>
        </condition>
        <condition id="id855943" eventType="">
          <attributes>
            <index id="conditionType">1</index>
            <text id="subjectAttribute">game.attributes.id567526</text>
            <text id="name">default name</text>
          </attributes>
          <predicate type="boolean">
            <attributes>
              <index id="RHS">0</index>
              <text id="name">default name</text>
              <text id="operator">=</text>
            </attributes>
          </predicate>
        </condition>
        <condition id="id588060" eventType="">
          <attributes>
            <index id="conditionType">1</index>
            <text id="subjectAttribute">game.attributes.id751292</text>
            <text id="name">default name</text>
          </attributes>
          <predicate type="number">
            <attributes>
              <text id="operator">&gt;</text>
              <real id="RHS">0</real>
              <text id="name">default name</text>
            </attributes>
          </predicate>
        </condition>
      </conditions>
      <behaviors>
        <behavior id="id996489" class="ChangeAttributeAction" enabled="true">
          <attributes>
            <text id="name">Change Attribute</text>
            <text id="bundleName">ChangeAttribute.behavior</text>
            <text id="targetAttribute">game.attributes.id567526</text>
            <text id="RHS">1</text>
          </attributes>
        </behavior>
        <behavior id="id834528" class="SpawnAction" enabled="true">
          <attributes>
            <text id="name">Spawn Actor</text>
            <text id="bundleName">Spawn.behavior</text>
            <text id="prototypeKey">id780044</text>
            <angle id="direction">0</angle>
            <index id="directionSpace">0</index>
            <real id="x">0</real>
            <real id="y">0</real>
            <index id="positionSpace">0</index>
            <index id="layerOrder">0</index>
          </attributes>
        </behavior>
      </behaviors>
      <elseBehaviors />
    </behavior>
    <behavior id="id760229" class="RuleBehavior" enabled="true">
      <attributes>
        <text id="name">Lose Rule</text>
        <text id="bundleName">Rule.behavior</text>
        <real id="compoundConditionKind">1</real>
      </attributes>
      <conditions>
        <condition id="id407250" eventType="">
          <attributes>
            <index id="conditionType">1</index>
            <text id="subjectAttribute">game.attributes.id751292</text>
            <text id="name">default name</text>
          </attributes>
          <predicate type="number">
            <attributes>
              <text id="operator">=</text>
              <real id="RHS">0</real>
              <text id="name">default name</text>
            </attributes>
          </predicate>
        </condition>
        <condition id="id258085" eventType="">
          <attributes>
            <index id="conditionType">1</index>
            <text id="subjectAttribute">game.attributes.id751292</text>
            <text id="name">default name</text>
          </attributes>
          <predicate type="number">
            <attributes>
              <text id="operator">&lt;</text>
              <real id="RHS">0</real>
              <text id="name">default name</text>
            </attributes>
          </predicate>
        </condition>
      </conditions>
      <behaviors>
        <behavior id="id481612" class="DisplayTextBehavior" enabled="true">
          <attributes>
            <text id="name">Display Text</text>
            <text id="bundleName">DisplayText.behavior</text>
            <text id="text">Game Over</text>
            <text id="font">Verdana</text>
            <real id="size">30</real>
            <index id="alignment">1</index>
            <boolean id="wrap">false</boolean>
            <color id="color">
              <real id="red">0</real>
              <real id="green">0</real>
              <real id="blue">0</real>
              <real id="alpha">1</real>
            </color>
          </attributes>
        </behavior>
      </behaviors>
      <elseBehaviors />
    </behavior>
    <behavior id="id745226" class="RuleBehavior" enabled="true">
      <attributes>
        <text id="name">Win Rule</text>
        <text id="bundleName">Rule.behavior</text>
        <real id="compoundConditionKind">0</real>
      </attributes>
      <conditions>
        <condition id="id555152" eventType="">
          <attributes>
            <index id="conditionType">1</index>
            <text id="subjectAttribute">game.attributes.id388032</text>
            <text id="name">default name</text>
          </attributes>
          <predicate type="number">
            <attributes>
              <text id="operator">=</text>
              <real id="RHS">0</real>
              <text id="name">default name</text>
            </attributes>
          </predicate>
        </condition>
      </conditions>
      <behaviors>
        <behavior id="id316840" class="DisplayTextBehavior" enabled="true">
          <attributes>
            <text id="name">Display Text</text>
            <text id="bundleName">DisplayText.behavior</text>
            <text id="text">You Win!</text>
            <text id="font">Verdana</text>
            <real id="size">30</real>
            <index id="alignment">1</index>
            <boolean id="wrap">false</boolean>
            <color id="color">
              <real id="red">0</real>
              <real id="green">0</real>
              <real id="blue">0</real>
              <real id="alpha">1</real>
            </color>
          </attributes>
        </behavior>
      </behaviors>
      <elseBehaviors />
    </behavior>
    <behavior id="id362840" class="RuleBehavior" enabled="true">
      <attributes>
        <text id="name">Spawn an Enemy Ship Rule</text>
        <text id="bundleName">Rule.behavior</text>
        <real id="compoundConditionKind">0</real>
      </attributes>
      <conditions>
        <condition id="id349608" eventType="">
          <attributes>
            <index id="conditionType">1</index>
            <text id="subjectAttribute">game.attributes.id567526</text>
            <text id="name">default name</text>
          </attributes>
          <predicate type="boolean">
            <attributes>
              <index id="RHS">1</index>
              <text id="name">default name</text>
              <text id="operator">=</text>
            </attributes>
          </predicate>
        </condition>
        <condition id="id459271" eventType="">
          <attributes>
            <index id="conditionType">1</index>
            <text id="subjectAttribute">game.attributes.id751292</text>
            <text id="name">default name</text>
          </attributes>
          <predicate type="number">
            <attributes>
              <text id="operator">&gt;</text>
              <real id="RHS">0</real>
              <text id="name">default name</text>
            </attributes>
          </predicate>
        </condition>
        <condition id="id918576" eventType="">
          <attributes>
            <index id="conditionType">1</index>
            <text id="subjectAttribute">game.attributes.id388032</text>
            <text id="name">default name</text>
          </attributes>
          <predicate type="number">
            <attributes>
              <text id="operator">&gt;</text>
              <real id="RHS">0</real>
              <text id="name">default name</text>
            </attributes>
          </predicate>
        </condition>
      </conditions>
      <behaviors>
        <behavior id="id274409" class="TimerBehavior" enabled="true">
          <attributes>
            <text id="name">Every 15 seconds Timer</text>
            <text id="bundleName">Timer.behavior</text>
            <index id="timerType">0</index>
            <real id="interval">15</real>
            <boolean id="runToCompletion">false</boolean>
          </attributes>
          <behaviors>
            <behavior id="id998002" class="SpawnAction" enabled="true">
              <attributes>
                <text id="name">Spawn Enemy Ship Actor</text>
                <text id="bundleName">Spawn.behavior</text>
                <text id="prototypeKey">id142340</text>
                <angle id="direction">0</angle>
                <index id="directionSpace">0</index>
                <real id="x">160</real>
                <real id="y">
                  <expression>
                    <string>random(0,320)</string>
                  </expression>
                </real>
                <index id="positionSpace">0</index>
                <index id="layerOrder">0</index>
              </attributes>
            </behavior>
            <behavior id="id728233" class="ChangeAttributeAction" enabled="true">
              <attributes>
                <text id="name">Change Attribute</text>
                <text id="bundleName">ChangeAttribute.behavior</text>
                <text id="targetAttribute">game.attributes.id388032</text>
                <text id="RHS">
                  <expression>
                    <reference keypath="game.attributes.id388032" />
                    <string>+1</string>
                  </expression>
                </text>
              </attributes>
            </behavior>
          </behaviors>
        </behavior>
      </behaviors>
      <elseBehaviors />
    </behavior>
  </behaviors>
  <aspects>
    <graphics>
      <attributes>
        <boolean id="visible">true</boolean>
        <enumeration id="blendingMode">0</enumeration>
        <enumeration id="horizontalWrap">0</enumeration>
        <enumeration id="verticalWrap">0</enumeration>
        <enumeration id="horizontalAnchor">0</enumeration>
        <enumeration id="verticalAnchor">0</enumeration>
        <boolean id="flipHorizontally">false</boolean>
        <boolean id="flipVertically">false</boolean>
      </attributes>
    </graphics>
    <motion>
      <attributes>
        <point id="linearVelocity">
          <real id="x">0</real>
          <real id="y">0</real>
        </point>
        <real id="angularVelocity">0</real>
        <real id="maxSpeed">0</real>
        <boolean id="applyMaxSpeed">false</boolean>
      </attributes>
    </motion>
    <physics>
      <attributes>
        <real id="density">1</real>
        <real id="friction">3</real>
        <real id="restitution">1</real>
        <boolean id="fixedRotation">false</boolean>
        <boolean id="movable">true</boolean>
        <enumeration id="collisionShape">0</enumeration>
        <real id="drag">0</real>
        <real id="angularDrag">0</real>
      </attributes>
    </physics>
  </aspects>
</actor>