<?xml version="1.0" encoding="utf-8"?>
<assets PGFVersion="0.17" GSCVersion="0.9.91">
  <sounds>
    <sound name="end level">
      <file name="end level.ogg" size="14039" />
    </sound>
    <sound name="hurt">
      <file name="hurt.ogg" size="5044" />
    </sound>
    <sound name="jump">
      <file name="jump.ogg" size="5648" />
    </sound>
    <sound name="pickup">
      <file name="pickup.ogg" size="6854" />
    </sound>
  </sounds>
  <images>
    <image name="fall_L">
      <file name="fall_L.png" size="5753" />
    </image>
    <image name="fall_R">
      <file name="fall_R.png" size="5783" />
    </image>
    <image name="jump_L">
      <file name="jump_L.png" size="6536" />
    </image>
    <image name="jump_R">
      <file name="jump_R.png" size="6515" />
    </image>
    <image name="run_L1">
      <file name="run_L1.png" size="5985" />
    </image>
    <image name="run_L2">
      <file name="run_L2.png" size="5411" />
    </image>
    <image name="run_L3">
      <file name="run_L3.png" size="5399" />
    </image>
    <image name="run_L4">
      <file name="run_L4.png" size="5845" />
    </image>
    <image name="run_L5">
      <file name="run_L5.png" size="5678" />
    </image>
    <image name="run_L6">
      <file name="run_L6.png" size="6080" />
    </image>
    <image name="run_L7">
      <file name="run_L7.png" size="5485" />
    </image>
    <image name="run_L8">
      <file name="run_L8.png" size="5579" />
    </image>
    <image name="run_R1">
      <file name="run_R1.png" size="5913" />
    </image>
    <image name="run_R2">
      <file name="run_R2.png" size="5330" />
    </image>
    <image name="run_R3">
      <file name="run_R3.png" size="5304" />
    </image>
    <image name="run_R4">
      <file name="run_R4.png" size="5747" />
    </image>
    <image name="run_R5">
      <file name="run_R5.png" size="5592" />
    </image>
    <image name="run_R6">
      <file name="run_R6.png" size="6004" />
    </image>
    <image name="run_R7">
      <file name="run_R7.png" size="5422" />
    </image>
    <image name="run_R8">
      <file name="run_R8.png" size="5473" />
    </image>
    <image name="stand_L">
      <file name="stand_L.png" size="5797" />
    </image>
    <image name="stand_R">
      <file name="stand_R.png" size="5816" />
    </image>
    <image name="spring">
      <file name="spring.png" size="6125" />
    </image>
    <image name="gem">
      <file name="gem.png" size="3261" />
    </image>
    <image name="lavaBubble">
      <file name="lavaBubble.png" size="2977" />
    </image>
    <image name="doorway">
      <file name="doorway.png" size="12482" />
    </image>
    <image name="Platformer">
      <file name="Platformer.png" size="805015" />
    </image>
    <image name="torch">
      <file name="torch.png" size="1335" />
    </image>
    <image name="boom02">
      <file name="boom02.png" size="10713" />
    </image>
  </images>
  <behaviors />
</assets>