﻿<?xml version="1.0" encoding="utf-8"?>
<behavior id="id922175" class="CompoundBehavior" enabled="" GSCVersion="0.9.92" PGFVersion="0.17">
  <attributes>
    <text id="name">Template Info</text>
    <text id="bundleName">Group.behavior</text>
  </attributes>
  <behaviors>
    <behavior id="id697642" class="DisplayTextBehavior" enabled="">
      <attributes>
        <text id="name">Display Text</text>
        <text id="bundleName">DisplayText.behavior</text>
        <text id="text">There are no behaviors on these actors. Why don't you add some?</text>
        <text id="font">Geneva</text>
        <real id="size">14</real>
        <real id="alignment">1</real>
        <color id="color">
          <real id="red">1</real>
          <real id="green">0</real>
          <real id="blue">0</real>
          <real id="alpha">1</real>
        </color>
      </attributes>
    </behavior>
    <behavior id="id669097" class="NoteBehavior" enabled="">
      <attributes>
        <text id="name">Note</text>
        <text id="bundleName">Note.behavior</text>
        <text id="note">To get ideas on how to add interactivity to this template, visit the Creator site at www.gamesalad.com/support</text>
      </attributes>
    </behavior>
  </behaviors>
</behavior>