<?xml version="1.0" encoding="UTF-8"?>
<game GSCVersion="0.10.1" PGFVersion="0.19" title="Basic Shoot Em Up - Overscan Landscape"><tags>template, tutorial, shmup</tags><resolutionIndependence>0</resolutionIndependence><instructions>Learn how to create this game at
http://gamesalad.com/wiki/tutorials:basic_shoot_em_up</instructions><resolution>0</resolution><longDescription>Shoot anything that moves. You're indestructible! Spaz out!</longDescription><prototypes><actor id="id223494"/><actor id="id563613"/><actor id="id421220"/><actor id="id908499"/><actor id="id865909"/><actor id="id711189"/><actor id="id113217"/><actor id="id816727"/><actor id="id707316"/><actor id="id614209"/><actor id="id212831"/><actor id="id303250"/><actor id="id376687"/></prototypes><plugins><attributes id="playhaven"/><attributes id="qqgamecenter"><boolean id="enabled">false</boolean></attributes></plugins><scenes><scene id="id269551"/></scenes><attributes><text id="name">default name</text><real id="time">0</real><size id="displaySize"><real id="width">480</real><real id="height">320</real></size><text id="actorTags">Enemy Targets</text><real name="Player X" id="id109120">0</real><real name="Player Y" id="id388541">0</real><boolean name="Game Over" id="id139344">false</boolean><boolean name="Boss Survived" id="id148203">true</boolean><integer name="Score" id="id351029">0</integer></attributes></game>
