<?xml version="1.0" encoding="utf-8"?>
<actor id="id259996" PGFVersion="0.17" GSCVersion="0.9.91">
  <attributes>
    <text id="name">WaterMeter</text>
    <real id="time">0</real>
    <point id="position">
      <real id="x">0</real>
      <real id="y">0</real>
    </point>
    <size id="size">
      <real id="width">1</real>
      <real id="height">7</real>
    </size>
    <angle id="rotation">0</angle>
    <color id="color">
      <real id="red">0.336886</real>
      <real id="green">0.732775</real>
      <real id="blue">1</real>
      <real id="alpha">1</real>
    </color>
    <image id="image" />
    <text id="tags" />
    <boolean id="preloadArt">true</boolean>
  </attributes>
  <behaviors>
    <behavior id="id194871" class="NoteBehavior" enabled="true">
      <attributes>
        <text id="name">Note</text>
        <text id="bundleName">Note.behavior</text>
        <text id="note">This is the fill bar for the water meter. Once you have used the water to nourish your plant, the meter will be depleted. 

The water meter will fill back up over time. As game.WaterReadyPercent increases, more instances of this actor will appear until the meter is full again.</text>
      </attributes>
    </behavior>
    <behavior id="id860913" class="ReplicateBehavior" enabled="true">
      <attributes>
        <text id="name">Replicate</text>
        <text id="bundleName">Replicate.behavior</text>
        <angle id="angle">0</angle>
        <real id="spacing">1</real>
        <index id="copies">
          <expression>
            <string>54*</string>
            <reference keypath="game.attributes.id253374" />
            <string>/100</string>
          </expression>
        </index>
      </attributes>
    </behavior>
  </behaviors>
  <aspects>
    <graphics>
      <attributes>
        <boolean id="visible">true</boolean>
        <enumeration id="blendingMode">0</enumeration>
        <enumeration id="horizontalWrap">0</enumeration>
        <enumeration id="verticalWrap">0</enumeration>
        <enumeration id="horizontalAnchor">0</enumeration>
        <enumeration id="verticalAnchor">0</enumeration>
        <boolean id="flipHorizontally">false</boolean>
        <boolean id="flipVertically">false</boolean>
      </attributes>
    </graphics>
    <motion>
      <attributes>
        <point id="linearVelocity">
          <real id="x">0</real>
          <real id="y">0</real>
        </point>
        <real id="angularVelocity">0</real>
        <real id="maxSpeed">0</real>
        <boolean id="applyMaxSpeed">false</boolean>
      </attributes>
    </motion>
    <physics>
      <attributes>
        <real id="density">1</real>
        <real id="friction">3</real>
        <real id="restitution">1</real>
        <boolean id="fixedRotation">false</boolean>
        <boolean id="movable">true</boolean>
        <enumeration id="collisionShape">0</enumeration>
        <real id="drag">0</real>
        <real id="angularDrag">0</real>
      </attributes>
    </physics>
  </aspects>
</actor>