<?xml version="1.0" encoding="utf-8"?>
<actor id="id226795" PGFVersion="0.17" GSCVersion="0.9.91">
  <attributes>
    <text id="name">BlinkColon</text>
    <real id="time">0</real>
    <point id="position">
      <real id="x">0</real>
      <real id="y">0</real>
    </point>
    <size id="size">
      <real id="width">32</real>
      <real id="height">48</real>
    </size>
    <angle id="rotation">0</angle>
    <color id="color">
      <real id="red">0.970942</real>
      <real id="green">0</real>
      <real id="blue">0</real>
      <real id="alpha">1</real>
    </color>
    <image id="image">colon</image>
    <text id="tags" />
    <boolean id="preloadArt">true</boolean>
  </attributes>
  <behaviors>
    <behavior id="id892508" class="NoteBehavior" enabled="true">
      <attributes>
        <text id="name">Note</text>
        <text id="bundleName">Note.behavior</text>
        <text id="note">The behavior below will blink the colon every second. </text>
      </attributes>
    </behavior>
    <behavior id="id702854" class="TimerBehavior" enabled="true">
      <attributes>
        <text id="name">Timer</text>
        <text id="bundleName">Timer.behavior</text>
        <index id="timerType">0</index>
        <real id="interval">0.5</real>
        <boolean id="runToCompletion">false</boolean>
      </attributes>
      <behaviors>
        <behavior id="id971954" class="ChangeAttributeAction" enabled="true">
          <attributes>
            <text id="name">Change Attribute</text>
            <text id="bundleName">ChangeAttribute.behavior</text>
            <text id="targetAttribute">self.attributes.color.alpha</text>
            <text id="RHS">
              <expression>
                <string>1-</string>
                <reference keypath="self.attributes.color.alpha" />
              </expression>
            </text>
          </attributes>
        </behavior>
      </behaviors>
    </behavior>
  </behaviors>
  <aspects>
    <graphics>
      <attributes>
        <boolean id="visible">true</boolean>
        <enumeration id="blendingMode">0</enumeration>
        <enumeration id="horizontalWrap">0</enumeration>
        <enumeration id="verticalWrap">0</enumeration>
        <enumeration id="horizontalAnchor">0</enumeration>
        <enumeration id="verticalAnchor">0</enumeration>
        <boolean id="flipHorizontally">false</boolean>
        <boolean id="flipVertically">false</boolean>
      </attributes>
    </graphics>
    <motion>
      <attributes>
        <point id="linearVelocity">
          <real id="x">0</real>
          <real id="y">0</real>
        </point>
        <real id="angularVelocity">0</real>
        <real id="maxSpeed">0</real>
        <boolean id="applyMaxSpeed">false</boolean>
      </attributes>
    </motion>
    <physics>
      <attributes>
        <real id="density">1</real>
        <real id="friction">3</real>
        <real id="restitution">1</real>
        <boolean id="fixedRotation">false</boolean>
        <boolean id="movable">true</boolean>
        <enumeration id="collisionShape">0</enumeration>
        <real id="drag">0</real>
        <real id="angularDrag">0</real>
      </attributes>
    </physics>
  </aspects>
</actor>