<?xml version="1.0" encoding="utf-8"?>
<actor id="id137556" PGFVersion="0.17" GSCVersion="0.9.91">
  <attributes>
    <text id="name">ClockDimming</text>
    <real id="time">0</real>
    <point id="position">
      <real id="x">0</real>
      <real id="y">0</real>
    </point>
    <size id="size">
      <real id="width">100</real>
      <real id="height">100</real>
    </size>
    <angle id="rotation">0</angle>
    <color id="color">
      <real id="red">0</real>
      <real id="green">0</real>
      <real id="blue">0</real>
      <real id="alpha">0</real>
    </color>
    <image id="image" />
    <text id="tags" />
    <boolean id="preloadArt">true</boolean>
  </attributes>
  <behaviors>
    <behavior id="id633892" class="CompoundBehavior" enabled="true">
      <attributes>
        <text id="name">Group</text>
        <text id="bundleName">Group.behavior</text>
      </attributes>
      <behaviors>
        <behavior id="id231321" class="RuleBehavior" enabled="true">
          <attributes>
            <text id="name">Rule: Undim</text>
            <text id="bundleName">Rule.behavior</text>
            <real id="compoundConditionKind">0</real>
          </attributes>
          <conditions>
            <condition id="id330189" eventType="mouse button">
              <attributes>
                <index id="conditionType">1</index>
                <text id="subjectAttribute">game.attributes.id937994</text>
              </attributes>
              <predicate type="number">
                <attributes>
                  <text id="operator">&gt;=</text>
                  <real id="RHS">45</real>
                </attributes>
              </predicate>
            </condition>
            <condition id="id144564" eventType="mouse button">
              <attributes>
                <index id="conditionType">1</index>
                <text id="subjectAttribute">game.attributes.id937994</text>
              </attributes>
              <predicate type="number">
                <attributes>
                  <text id="operator">&lt;</text>
                  <real id="RHS">135</real>
                </attributes>
              </predicate>
            </condition>
          </conditions>
          <behaviors>
            <behavior id="id743429" class="ConstrainAttributeBehavior" enabled="true">
              <attributes>
                <text id="name">Constrain Attribute</text>
                <text id="bundleName">ConstrainAttribute.behavior</text>
                <text id="targetAttribute">self.attributes.color.alpha</text>
                <text id="RHS">
                  <expression>
                    <string>.3*(</string>
                    <reference keypath="game.attributes.id937994" />
                    <string>-45)/90</string>
                  </expression>
                </text>
              </attributes>
            </behavior>
          </behaviors>
          <elseBehaviors />
        </behavior>
        <behavior id="id862364" class="RuleBehavior" enabled="true">
          <attributes>
            <text id="name">Rule: FullDim</text>
            <text id="bundleName">Rule.behavior</text>
            <real id="compoundConditionKind">0</real>
          </attributes>
          <conditions>
            <condition id="id330189" eventType="mouse button">
              <attributes>
                <index id="conditionType">1</index>
                <text id="subjectAttribute">game.attributes.id937994</text>
              </attributes>
              <predicate type="number">
                <attributes>
                  <text id="operator">&gt;=</text>
                  <real id="RHS">135</real>
                </attributes>
              </predicate>
            </condition>
            <condition id="id144564" eventType="mouse button">
              <attributes>
                <index id="conditionType">1</index>
                <text id="subjectAttribute">game.attributes.id937994</text>
              </attributes>
              <predicate type="number">
                <attributes>
                  <text id="operator">&lt;</text>
                  <real id="RHS">225</real>
                </attributes>
              </predicate>
            </condition>
          </conditions>
          <behaviors>
            <behavior id="id759721" class="ChangeAttributeAction" enabled="true">
              <attributes>
                <text id="name">Change Attribute</text>
                <text id="bundleName">ChangeAttribute.behavior</text>
                <text id="targetAttribute">self.attributes.color.alpha</text>
                <text id="RHS">.3</text>
              </attributes>
            </behavior>
          </behaviors>
          <elseBehaviors />
        </behavior>
        <behavior id="id350293" class="RuleBehavior" enabled="true">
          <attributes>
            <text id="name">Rule: Undim</text>
            <text id="bundleName">Rule.behavior</text>
            <real id="compoundConditionKind">0</real>
          </attributes>
          <conditions>
            <condition id="id330189" eventType="mouse button">
              <attributes>
                <index id="conditionType">1</index>
                <text id="subjectAttribute">game.attributes.id937994</text>
              </attributes>
              <predicate type="number">
                <attributes>
                  <text id="operator">&gt;=</text>
                  <real id="RHS">225</real>
                </attributes>
              </predicate>
            </condition>
            <condition id="id144564" eventType="mouse button">
              <attributes>
                <index id="conditionType">1</index>
                <text id="subjectAttribute">game.attributes.id937994</text>
              </attributes>
              <predicate type="number">
                <attributes>
                  <text id="operator">&lt;</text>
                  <real id="RHS">315</real>
                </attributes>
              </predicate>
            </condition>
          </conditions>
          <behaviors>
            <behavior id="id743429" class="ConstrainAttributeBehavior" enabled="true">
              <attributes>
                <text id="name">Constrain Attribute</text>
                <text id="bundleName">ConstrainAttribute.behavior</text>
                <text id="targetAttribute">self.attributes.color.alpha</text>
                <text id="RHS">
                  <expression>
                    <string>.3-.3*(</string>
                    <reference keypath="game.attributes.id937994" />
                    <string>-225)/90</string>
                  </expression>
                </text>
              </attributes>
            </behavior>
          </behaviors>
          <elseBehaviors />
        </behavior>
        <behavior id="id977920" class="RuleBehavior" enabled="true">
          <attributes>
            <text id="name">Rule: NoDim</text>
            <text id="bundleName">Rule.behavior</text>
            <real id="compoundConditionKind">1</real>
          </attributes>
          <conditions>
            <condition id="id330189" eventType="mouse button">
              <attributes>
                <index id="conditionType">1</index>
                <text id="subjectAttribute">game.attributes.id937994</text>
              </attributes>
              <predicate type="number">
                <attributes>
                  <text id="operator">&gt;=</text>
                  <real id="RHS">315</real>
                </attributes>
              </predicate>
            </condition>
            <condition id="id144564" eventType="mouse button">
              <attributes>
                <index id="conditionType">1</index>
                <text id="subjectAttribute">game.attributes.id937994</text>
              </attributes>
              <predicate type="number">
                <attributes>
                  <text id="operator">&lt;</text>
                  <real id="RHS">45</real>
                </attributes>
              </predicate>
            </condition>
          </conditions>
          <behaviors>
            <behavior id="id759721" class="ChangeAttributeAction" enabled="true">
              <attributes>
                <text id="name">Change Attribute</text>
                <text id="bundleName">ChangeAttribute.behavior</text>
                <text id="targetAttribute">self.attributes.color.alpha</text>
                <text id="RHS">0</text>
              </attributes>
            </behavior>
          </behaviors>
          <elseBehaviors />
        </behavior>
      </behaviors>
    </behavior>
  </behaviors>
  <aspects>
    <graphics>
      <attributes>
        <boolean id="visible">true</boolean>
        <enumeration id="blendingMode">0</enumeration>
        <enumeration id="horizontalWrap">0</enumeration>
        <enumeration id="verticalWrap">0</enumeration>
        <enumeration id="horizontalAnchor">0</enumeration>
        <enumeration id="verticalAnchor">0</enumeration>
        <boolean id="flipHorizontally">false</boolean>
        <boolean id="flipVertically">false</boolean>
      </attributes>
    </graphics>
    <motion>
      <attributes>
        <point id="linearVelocity">
          <real id="x">0</real>
          <real id="y">0</real>
        </point>
        <real id="angularVelocity">0</real>
        <real id="maxSpeed">0</real>
        <boolean id="applyMaxSpeed">false</boolean>
      </attributes>
    </motion>
    <physics>
      <attributes>
        <real id="density">1</real>
        <real id="friction">3</real>
        <real id="restitution">1</real>
        <boolean id="fixedRotation">false</boolean>
        <boolean id="movable">true</boolean>
        <enumeration id="collisionShape">0</enumeration>
        <real id="drag">0</real>
        <real id="angularDrag">0</real>
      </attributes>
    </physics>
  </aspects>
</actor>