<?xml version="1.0" encoding="utf-8"?>
<assets PGFVersion="0.17" GSCVersion="0.9.91">
  <sounds />
  <images>
    <image name="0">
      <file name="0.png" size="753" />
    </image>
    <image name="1">
      <file name="1.png" size="421" />
    </image>
    <image name="2">
      <file name="2.png" size="758" />
    </image>
    <image name="3">
      <file name="3.png" size="684" />
    </image>
    <image name="4">
      <file name="4.png" size="558" />
    </image>
    <image name="5">
      <file name="5.png" size="714" />
    </image>
    <image name="6">
      <file name="6.png" size="731" />
    </image>
    <image name="7">
      <file name="7.png" size="601" />
    </image>
    <image name="8">
      <file name="8.png" size="816" />
    </image>
    <image name="9">
      <file name="9.png" size="710" />
    </image>
    <image name="colon">
      <file name="colon.png" size="204" />
    </image>
    <image name="Base1">
      <file name="Base1.png" size="18043" />
    </image>
    <image name="ClockHourHand">
      <file name="ClockHourHand.png" size="587" />
    </image>
    <image name="ClockMinHand">
      <file name="ClockMinHand.png" size="610" />
    </image>
    <image name="Flower1">
      <file name="Flower1.png" size="29447" />
    </image>
    <image name="Flower2">
      <file name="Flower2.png" size="31447" />
    </image>
    <image name="Flower3">
      <file name="Flower3.png" size="27750" />
    </image>
    <image name="Flower4">
      <file name="Flower4.png" size="20473" />
    </image>
    <image name="SkyCircle">
      <file name="SkyCircle.png" size="25091" />
    </image>
    <image name="WaterMeter1">
      <file name="WaterMeter1.png" size="6611" />
    </image>
    <image name="WaterMeter2">
      <file name="WaterMeter2.png" size="6592" />
    </image>
    <image name="ClockSecHand">
      <file name="ClockSecHand.png" size="630" />
    </image>
    <image name="LEDClockBase">
      <file name="LEDClockBase.png" size="25253" />
    </image>
  </images>
  <behaviors />
</assets>