<?xml version="1.0" encoding="utf-8"?>
<actor id="id475737" PGFVersion="0.17" GSCVersion="0.9.92">
  <attributes>
    <text id="name">Player Paddle</text>
    <real id="time">0</real>
    <point id="position">
      <real id="x">0</real>
      <real id="y">0</real>
    </point>
    <size id="size">
      <real id="width">128</real>
      <real id="height">32</real>
    </size>
    <angle id="rotation">0</angle>
    <color id="color">
      <real id="red">0.728395</real>
      <real id="green">1</real>
      <real id="blue">1</real>
      <real id="alpha">1</real>
    </color>
    <image id="image">paddle</image>
    <text id="tags">Bounceable objects</text>
    <boolean id="preloadArt">true</boolean>
    <real id="id336402" name="Starting Y">0</real>
  </attributes>
  <behaviors>
    <behavior id="id592807" class="NoteBehavior" enabled="true">
      <attributes>
        <text id="name">Note</text>
        <text id="bundleName">Note.behavior</text>
        <text id="note">Study the attributes and behaviors on this actor to understand how to create a paddle actor in GameSalad, especially noting the physics aspects in attributes.</text>
      </attributes>
    </behavior>
    <behavior id="id430074" class="ConstrainAttributeBehavior" enabled="true">
      <attributes>
        <text id="name">Constrain to Mouse Attribute</text>
        <text id="bundleName">ConstrainAttribute.behavior</text>
        <text id="targetAttribute">self.attributes.position.x</text>
        <text id="RHS">
          <expression>
            <string>max(min(</string>
            <reference keypath="game.devices.mouse.position.x" />
            <string>,480),0)</string>
          </expression>
        </text>
      </attributes>
    </behavior>
    <behavior id="id230531" class="CompoundBehavior" enabled="true">
      <attributes>
        <text id="name">Group: Keep Paddle locked into the Y axis</text>
        <text id="bundleName">Group.behavior</text>
      </attributes>
      <behaviors>
        <behavior id="id776074" class="ChangeAttributeAction" enabled="true">
          <attributes>
            <text id="name">Change Attribute</text>
            <text id="bundleName">ChangeAttribute.behavior</text>
            <text id="targetAttribute">self.attributes.id336402</text>
            <text id="RHS">
              <expression>
                <reference keypath="self.attributes.position.y" />
              </expression>
            </text>
          </attributes>
        </behavior>
        <behavior id="id389488" class="ConstrainAttributeBehavior" enabled="true">
          <attributes>
            <text id="name">Constrain to Mouse Attribute</text>
            <text id="bundleName">ConstrainAttribute.behavior</text>
            <text id="targetAttribute">self.attributes.position.y</text>
            <text id="RHS">
              <expression>
                <reference keypath="self.attributes.id336402" />
              </expression>
            </text>
          </attributes>
        </behavior>
      </behaviors>
    </behavior>
  </behaviors>
  <aspects>
    <graphics>
      <attributes>
        <boolean id="visible">true</boolean>
        <enumeration id="blendingMode">0</enumeration>
        <enumeration id="horizontalWrap">0</enumeration>
        <enumeration id="verticalWrap">0</enumeration>
        <enumeration id="horizontalAnchor">0</enumeration>
        <enumeration id="verticalAnchor">0</enumeration>
        <boolean id="flipHorizontally">false</boolean>
        <boolean id="flipVertically">false</boolean>
      </attributes>
    </graphics>
    <motion>
      <attributes>
        <point id="linearVelocity">
          <real id="x">0</real>
          <real id="y">0</real>
        </point>
        <real id="angularVelocity">0</real>
        <real id="maxSpeed">0</real>
        <boolean id="applyMaxSpeed">false</boolean>
      </attributes>
    </motion>
    <physics>
      <attributes>
        <real id="density">30</real>
        <real id="friction">2</real>
        <real id="restitution">1.2</real>
        <boolean id="fixedRotation">true</boolean>
        <boolean id="movable">true</boolean>
        <enumeration id="collisionShape">0</enumeration>
        <real id="drag">0</real>
        <real id="angularDrag">0</real>
      </attributes>
    </physics>
  </aspects>
</actor>