<?xml version="1.0" encoding="utf-8"?>
<actor id="id218384" PGFVersion="0.17" GSCVersion="0.9.92">
  <attributes>
    <text id="name">ball</text>
    <real id="time">0</real>
    <point id="position">
      <real id="x">0</real>
      <real id="y">0</real>
    </point>
    <size id="size">
      <real id="width">32</real>
      <real id="height">32</real>
    </size>
    <angle id="rotation">0</angle>
    <color id="color">
      <real id="red">0.643682</real>
      <real id="green">0.916644</real>
      <real id="blue">1</real>
      <real id="alpha">1</real>
    </color>
    <image id="image">ballfading</image>
    <text id="tags" />
    <boolean id="preloadArt">true</boolean>
    <integer id="id751576" name="Speed Threshold">5</integer>
  </attributes>
  <behaviors>
    <behavior id="id193441" class="CollideBehavior" enabled="true">
      <attributes>
        <text id="name">Collide</text>
        <text id="bundleName">Collide.behavior</text>
        <text id="prototypeKey">id475737</text>
        <text id="actorTag">Bounceable objects</text>
        <index id="mode">1</index>
      </attributes>
    </behavior>
    <behavior id="id608063" class="CollideBehavior" enabled="true">
      <attributes>
        <text id="name">Collide</text>
        <text id="bundleName">Collide.behavior</text>
        <text id="prototypeKey">id475737</text>
        <text id="actorTag">Destroyable objects</text>
        <index id="mode">1</index>
      </attributes>
    </behavior>
    <behavior id="id102431" class="ChangeVelocityAction" enabled="true">
      <attributes>
        <text id="name">Random Initial Velocity</text>
        <text id="bundleName">ChangeVelocity.behavior</text>
        <angle id="direction">
          <expression>
            <string>random(250,290)</string>
          </expression>
        </angle>
        <index id="space">1</index>
        <real id="speed">150</real>
      </attributes>
    </behavior>
    <behavior id="id209445" class="RuleBehavior" enabled="true">
      <attributes>
        <text id="name">Collide with Paddle Rule</text>
        <text id="bundleName">Rule.behavior</text>
        <real id="compoundConditionKind">0</real>
      </attributes>
      <conditions>
        <condition id="id124424" eventType="overlaps or collides">
          <attributes>
            <index id="conditionType">0</index>
            <text id="name">default name</text>
          </attributes>
          <predicate type="collision">
            <attributes>
              <text id="prototypeKey">id475737</text>
              <text id="actorTag">Bounceable objects</text>
              <real id="mode">0</real>
              <text id="name">default name</text>
              <boolean id="walls">false</boolean>
              <boolean id="otherActors">true</boolean>
            </attributes>
          </predicate>
        </condition>
      </conditions>
      <behaviors>
        <behavior id="id857238" class="PlaySoundAction" enabled="true">
          <attributes>
            <text id="name">Play Sound</text>
            <text id="bundleName">PlaySound.behavior</text>
            <sound id="soundName">Blip</sound>
            <boolean id="loop">false</boolean>
            <boolean id="runToCompletion">true</boolean>
            <boolean id="positional">false</boolean>
            <boolean id="dopplerShift">false</boolean>
            <real id="volume">1</real>
            <real id="pitch">1</real>
            <boolean id="usePositionalSound">false</boolean>
          </attributes>
        </behavior>
        <behavior id="id988276" class="NoteBehavior" enabled="true">
          <attributes>
            <text id="name">Note</text>
            <text id="bundleName">Note.behavior</text>
            <text id="note">Since the paddle's position is based on the mouse position, the horizontal velocity is modified by the difference in this actor's position and the mouse position using the Change Attribute behavior below.</text>
          </attributes>
        </behavior>
        <behavior id="id589813" class="ChangeAttributeAction" enabled="true">
          <attributes>
            <text id="name">Change Attribute</text>
            <text id="bundleName">ChangeAttribute.behavior</text>
            <text id="targetAttribute">self.aspects.motion.attributes.linearVelocity.x</text>
            <text id="RHS">
              <expression>
                <reference keypath="self.aspects.motion.attributes.linearVelocity.x" />
                <string>+2*(</string>
                <reference keypath="self.attributes.position.x" />
                <string>-</string>
                <reference keypath="game.devices.mouse.position.x" />
                <string>)</string>
              </expression>
            </text>
          </attributes>
        </behavior>
      </behaviors>
      <elseBehaviors />
    </behavior>
    <behavior id="id317207" class="RuleBehavior" enabled="true">
      <attributes>
        <text id="name">Destroy if Near Ground Rule</text>
        <text id="bundleName">Rule.behavior</text>
        <real id="compoundConditionKind">0</real>
      </attributes>
      <conditions>
        <condition id="id897198" eventType="mouse button">
          <attributes>
            <index id="conditionType">1</index>
            <text id="subjectAttribute">self.attributes.position.y</text>
            <text id="name">default name</text>
          </attributes>
          <predicate type="number">
            <attributes>
              <text id="operator">&lt;</text>
              <real id="RHS">30</real>
              <text id="name">default name</text>
            </attributes>
          </predicate>
        </condition>
      </conditions>
      <behaviors>
        <behavior id="id119850" class="ChangeAttributeAction" enabled="true">
          <attributes>
            <text id="name">Change Attribute</text>
            <text id="bundleName">ChangeAttribute.behavior</text>
            <text id="targetAttribute">game.attributes.id677639</text>
            <text id="RHS">0</text>
          </attributes>
        </behavior>
        <behavior id="id305244" class="DestroyAction" enabled="true">
          <attributes>
            <text id="name">Destroy</text>
            <text id="bundleName">Destroy.behavior</text>
          </attributes>
        </behavior>
      </behaviors>
      <elseBehaviors />
    </behavior>
    <behavior id="id722162" class="RuleBehavior" enabled="true">
      <attributes>
        <text id="name">Rule: Fix Horizontal Ball Jam</text>
        <text id="bundleName">Rule.behavior</text>
        <real id="compoundConditionKind">0</real>
      </attributes>
      <conditions>
        <condition id="id515639" eventType="mouse button">
          <attributes>
            <index id="conditionType">1</index>
            <text id="subjectAttribute">self.aspects.motion.attributes.linearVelocity.y</text>
          </attributes>
          <predicate type="number">
            <attributes>
              <text id="operator">&gt;</text>
              <real id="RHS">-15</real>
            </attributes>
          </predicate>
        </condition>
        <condition id="id953842" eventType="mouse button">
          <attributes>
            <index id="conditionType">1</index>
            <text id="subjectAttribute">self.aspects.motion.attributes.linearVelocity.y</text>
          </attributes>
          <predicate type="number">
            <attributes>
              <text id="operator">&lt;</text>
              <real id="RHS">15</real>
            </attributes>
          </predicate>
        </condition>
      </conditions>
      <behaviors>
        <behavior id="id872861" class="NoteBehavior" enabled="true">
          <attributes>
            <text id="name">Note</text>
            <text id="bundleName">Note.behavior</text>
            <text id="note">This fix is in case the ball gets stuck and goes left and right endlessly. This will give it some random direction after it collides with a wall or platform if it is still has no linear velocity in the Y direction after a certain time.

</text>
          </attributes>
        </behavior>
        <behavior id="id534697" class="RuleBehavior" enabled="true">
          <attributes>
            <text id="name">Rule</text>
            <text id="bundleName">Rule.behavior</text>
            <real id="compoundConditionKind">0</real>
          </attributes>
          <conditions>
            <condition id="id716654" eventType="overlaps or collides">
              <attributes>
                <index id="conditionType">0</index>
              </attributes>
              <predicate type="collision">
                <attributes>
                  <text id="prototypeKey">id847868</text>
                  <text id="actorTag">Bounceable objects</text>
                  <real id="mode">1</real>
                </attributes>
              </predicate>
            </condition>
          </conditions>
          <behaviors>
            <behavior id="id137056" class="ChangeAttributeAction" enabled="true">
              <attributes>
                <text id="name">Change Attribute</text>
                <text id="bundleName">ChangeAttribute.behavior</text>
                <text id="targetAttribute">self.aspects.motion.attributes.linearVelocity.y</text>
                <text id="RHS">
                  <expression>
                    <string>random(70,120)*(-1)^(random(1,2))</string>
                  </expression>
                </text>
              </attributes>
            </behavior>
          </behaviors>
          <elseBehaviors />
        </behavior>
      </behaviors>
      <elseBehaviors />
    </behavior>
    <behavior id="id683161" class="RuleBehavior" enabled="true">
      <attributes>
        <text id="name">Rule: Game Over</text>
        <text id="bundleName">Rule.behavior</text>
        <real id="compoundConditionKind">0</real>
      </attributes>
      <conditions>
        <condition id="id369600" eventType="mouse button">
          <attributes>
            <index id="conditionType">1</index>
            <text id="subjectAttribute">game.attributes.id494600</text>
          </attributes>
          <predicate type="number">
            <attributes>
              <text id="operator">=</text>
              <real id="RHS">0</real>
            </attributes>
          </predicate>
        </condition>
      </conditions>
      <behaviors>
        <behavior id="id297614" class="DestroyAction" enabled="true">
          <attributes>
            <text id="name">Destroy</text>
            <text id="bundleName">Destroy.behavior</text>
          </attributes>
        </behavior>
      </behaviors>
      <elseBehaviors />
    </behavior>
  </behaviors>
  <aspects>
    <graphics>
      <attributes>
        <boolean id="visible">true</boolean>
        <enumeration id="blendingMode">0</enumeration>
        <enumeration id="horizontalWrap">0</enumeration>
        <enumeration id="verticalWrap">0</enumeration>
        <enumeration id="horizontalAnchor">0</enumeration>
        <enumeration id="verticalAnchor">0</enumeration>
        <boolean id="flipHorizontally">false</boolean>
        <boolean id="flipVertically">false</boolean>
      </attributes>
    </graphics>
    <motion>
      <attributes>
        <point id="linearVelocity">
          <real id="x">0</real>
          <real id="y">0</real>
        </point>
        <real id="angularVelocity">0</real>
        <real id="maxSpeed">250</real>
        <boolean id="applyMaxSpeed">true</boolean>
      </attributes>
    </motion>
    <physics>
      <attributes>
        <real id="density">0.4</real>
        <real id="friction">0</real>
        <real id="restitution">2</real>
        <boolean id="fixedRotation">true</boolean>
        <boolean id="movable">true</boolean>
        <enumeration id="collisionShape">1</enumeration>
        <real id="drag">0</real>
        <real id="angularDrag">0</real>
      </attributes>
    </physics>
  </aspects>
</actor>