<?xml version="1.0" encoding="utf-8"?>
<scene PGFVersion="0.17" GSCVersion="0.9.91" id="id496819">
  <layers>
    <layer id="id894799">
      <actors>
        <actor id="id183953" prototype="id387242">
          <attributes>
            <point id="position">
              <real id="x">240</real>
              <real id="y">160</real>
            </point>
            <size id="size">
              <real id="width">512</real>
              <real id="height">512</real>
            </size>
          </attributes>
          <aspects>
            <graphics>
              <attributes />
            </graphics>
            <motion />
            <physics>
              <attributes />
            </physics>
          </aspects>
        </actor>
        <actor id="id944037" prototype="id441459">
          <attributes>
            <point id="position">
              <real id="x">-238</real>
              <real id="y">479.5</real>
            </point>
            <size id="size">
              <real id="width">480</real>
              <real id="height">320</real>
            </size>
          </attributes>
          <aspects>
            <graphics>
              <attributes />
            </graphics>
            <motion />
            <physics>
              <attributes />
            </physics>
          </aspects>
        </actor>
      </actors>
      <attributes>
        <text id="name">Background</text>
        <boolean id="scrollable">true</boolean>
      </attributes>
    </layer>
  </layers>
  <attributes>
    <text id="name">Initial Scene</text>
    <real id="time">0</real>
    <size id="size">
      <real id="width">480</real>
      <real id="height">320</real>
    </size>
    <boolean id="wrapX">true</boolean>
    <boolean id="wrapY">true</boolean>
    <point id="gravity">
      <real id="x">0</real>
      <real id="y">0</real>
    </point>
    <color id="color">
      <real id="red">0</real>
      <real id="green">0</real>
      <real id="blue">0</real>
      <real id="alpha">1</real>
    </color>
    <rect id="camera">
      <point id="origin">
        <real id="x">0</real>
        <real id="y">0</real>
      </point>
      <size id="size">
        <real id="width">480</real>
        <real id="height">320</real>
      </size>
      <size id="trackingArea">
        <real id="width">400</real>
        <real id="height">260</real>
      </size>
      <real id="rotation">0</real>
    </rect>
    <attributes id="autorotate">
      <boolean id="landscapeLeft">true</boolean>
      <boolean id="portrait">false</boolean>
      <boolean id="landscapeRight">false</boolean>
      <boolean id="portraitUpsideDown">false</boolean>
    </attributes>
  </attributes>
</scene>