<?xml version="1.0" encoding="utf-8"?>
<scene PGFVersion="0.17" GSCVersion="0.9.91" id="id612609">
  <layers>
    <layer id="id449331">
      <actors>
        <actor id="id193461" prototype="id733462">
          <attributes>
            <point id="position">
              <real id="x">240</real>
              <real id="y">160</real>
            </point>
            <size id="size">
              <real id="width">512</real>
              <real id="height">512</real>
            </size>
          </attributes>
          <aspects>
            <graphics>
              <attributes />
            </graphics>
            <motion />
            <physics>
              <attributes />
            </physics>
          </aspects>
        </actor>
        <actor id="id570497" prototype="id755469">
          <attributes>
            <point id="position">
              <real id="x">4</real>
              <real id="y">167.5</real>
            </point>
            <size id="size">
              <real id="width">62</real>
              <real id="height">349</real>
            </size>
          </attributes>
          <aspects>
            <graphics>
              <attributes />
            </graphics>
            <motion />
            <physics>
              <attributes />
            </physics>
          </aspects>
        </actor>
        <actor id="id353105" prototype="id755469">
          <attributes>
            <point id="position">
              <real id="x">493.5</real>
              <real id="y">84</real>
            </point>
            <size id="size">
              <real id="width">29</real>
              <real id="height">182</real>
            </size>
          </attributes>
          <aspects>
            <graphics>
              <attributes />
            </graphics>
            <motion />
            <physics>
              <attributes />
            </physics>
          </aspects>
        </actor>
        <actor id="id646738" prototype="id755469">
          <attributes>
            <point id="position">
              <real id="x">387.489</real>
              <real id="y">305.111</real>
            </point>
            <size id="size">
              <real id="width">429</real>
              <real id="height">200.948</real>
            </size>
            <angle id="rotation">310.861</angle>
          </attributes>
          <aspects>
            <graphics>
              <attributes />
            </graphics>
            <motion />
            <physics>
              <attributes />
            </physics>
          </aspects>
        </actor>
        <actor id="id130549" prototype="id755469">
          <attributes>
            <point id="position">
              <real id="x">243.5</real>
              <real id="y">-29</real>
            </point>
            <size id="size">
              <real id="width">495</real>
              <real id="height">42</real>
            </size>
          </attributes>
          <aspects>
            <graphics>
              <attributes />
            </graphics>
            <motion />
            <physics>
              <attributes />
            </physics>
          </aspects>
        </actor>
        <actor id="id265372" prototype="id755469">
          <attributes>
            <point id="position">
              <real id="x">0.616344</real>
              <real id="y">11.0607</real>
            </point>
            <size id="size">
              <real id="width">112.541</real>
              <real id="height">144.258</real>
            </size>
            <angle id="rotation">33.2749</angle>
          </attributes>
          <aspects>
            <graphics>
              <attributes />
            </graphics>
            <motion />
            <physics>
              <attributes />
            </physics>
          </aspects>
        </actor>
        <actor id="id309790" prototype="id755469">
          <attributes>
            <point id="position">
              <real id="x">116.295</real>
              <real id="y">328.716</real>
            </point>
            <size id="size">
              <real id="width">178.02</real>
              <real id="height">379.634</real>
            </size>
            <angle id="rotation">298.119</angle>
          </attributes>
          <aspects>
            <graphics>
              <attributes />
            </graphics>
            <motion />
            <physics>
              <attributes />
            </physics>
          </aspects>
        </actor>
      </actors>
      <attributes>
        <text id="name">Background</text>
        <boolean id="scrollable">true</boolean>
      </attributes>
    </layer>
    <layer id="id932847">
      <actors>
        <actor id="id964863" prototype="id601740">
          <attributes>
            <point id="position">
              <real id="x">416</real>
              <real id="y">53</real>
            </point>
            <size id="size">
              <real id="width">100</real>
              <real id="height">100</real>
            </size>
          </attributes>
          <aspects>
            <graphics>
              <attributes />
            </graphics>
            <motion />
            <physics>
              <attributes />
            </physics>
          </aspects>
        </actor>
        <actor id="id528364" prototype="id414774">
          <attributes>
            <point id="position">
              <real id="x">109</real>
              <real id="y">61</real>
            </point>
            <size id="size">
              <real id="width">64</real>
              <real id="height">128</real>
            </size>
          </attributes>
          <aspects>
            <graphics>
              <attributes />
            </graphics>
            <motion />
            <physics>
              <attributes />
            </physics>
          </aspects>
        </actor>
        <actor id="id700107" prototype="id433870">
          <attributes>
            <point id="position">
              <real id="x">376</real>
              <real id="y">300</real>
            </point>
          </attributes>
          <aspects>
            <graphics>
              <attributes />
            </graphics>
            <motion />
            <physics>
              <attributes />
            </physics>
          </aspects>
        </actor>
        <actor id="id297728" prototype="id471749">
          <attributes>
            <point id="position">
              <real id="x">66</real>
              <real id="y">304</real>
            </point>
            <size id="size">
              <real id="width">100</real>
              <real id="height">100</real>
            </size>
          </attributes>
          <behaviors>
            <behavior id="id530019" class="DisplayTextBehavior" enabled="true">
              <attributes>
                <text id="name">Display Text</text>
                <text id="bundleName">DisplayText.behavior</text>
                <text id="text">Spells:</text>
                <text id="font">Times-Roman</text>
                <real id="size">20</real>
                <index id="alignment">1</index>
                <boolean id="wrap">false</boolean>
                <color id="color">
                  <real id="red">1</real>
                  <real id="green">1</real>
                  <real id="blue">1</real>
                  <real id="alpha">1</real>
                </color>
              </attributes>
            </behavior>
          </behaviors>
          <aspects>
            <graphics>
              <attributes />
            </graphics>
            <motion />
            <physics>
              <attributes />
            </physics>
          </aspects>
        </actor>
        <actor id="id445523" prototype="id677337">
          <attributes>
            <point id="position">
              <real id="x">110.5</real>
              <real id="y">300</real>
            </point>
            <size id="size">
              <real id="width">35</real>
              <real id="height">33</real>
            </size>
          </attributes>
          <aspects>
            <graphics>
              <attributes />
            </graphics>
            <motion />
            <physics>
              <attributes />
            </physics>
          </aspects>
        </actor>
        <actor id="id878240" prototype="id471749">
          <attributes>
            <point id="position">
              <real id="x">329</real>
              <real id="y">303</real>
            </point>
            <size id="size">
              <real id="width">100</real>
              <real id="height">100</real>
            </size>
          </attributes>
          <behaviors>
            <behavior id="id289692" class="DisplayTextBehavior" enabled="true">
              <attributes>
                <text id="name">Display Text</text>
                <text id="bundleName">DisplayText.behavior</text>
                <text id="text">Health:</text>
                <text id="font">Times-Roman</text>
                <real id="size">20</real>
                <index id="alignment">1</index>
                <boolean id="wrap">false</boolean>
                <color id="color">
                  <real id="red">1</real>
                  <real id="green">1</real>
                  <real id="blue">1</real>
                  <real id="alpha">1</real>
                </color>
              </attributes>
            </behavior>
          </behaviors>
          <aspects>
            <graphics>
              <attributes />
            </graphics>
            <motion />
            <physics>
              <attributes />
            </physics>
          </aspects>
        </actor>
        <actor id="id937256" prototype="id441459">
          <attributes>
            <point id="position">
              <real id="x">-239</real>
              <real id="y">476.5</real>
            </point>
            <size id="size">
              <real id="width">480</real>
              <real id="height">320</real>
            </size>
          </attributes>
          <aspects>
            <graphics>
              <attributes />
            </graphics>
            <motion />
            <physics>
              <attributes />
            </physics>
          </aspects>
        </actor>
        <actor id="id923019" prototype="id968047">
          <attributes>
            <point id="position">
              <real id="x">514</real>
              <real id="y">-8.5</real>
            </point>
            <size id="size">
              <real id="width">32</real>
              <real id="height">64</real>
            </size>
            <angle id="rotation">0</angle>
          </attributes>
          <aspects>
            <graphics>
              <attributes />
            </graphics>
            <motion />
            <physics>
              <attributes />
            </physics>
          </aspects>
        </actor>
      </actors>
      <attributes>
        <text id="name">Moving Parts</text>
        <boolean id="scrollable">true</boolean>
      </attributes>
    </layer>
  </layers>
  <attributes>
    <text id="name">Main Scene</text>
    <real id="time">0</real>
    <size id="size">
      <real id="width">480</real>
      <real id="height">320</real>
    </size>
    <boolean id="wrapX">false</boolean>
    <boolean id="wrapY">false</boolean>
    <point id="gravity">
      <real id="x">0</real>
      <real id="y">0</real>
    </point>
    <color id="color">
      <real id="red">0</real>
      <real id="green">0</real>
      <real id="blue">0</real>
      <real id="alpha">1</real>
    </color>
    <rect id="camera">
      <point id="origin">
        <real id="x">0</real>
        <real id="y">0</real>
      </point>
      <size id="size">
        <real id="width">480</real>
        <real id="height">320</real>
      </size>
      <size id="trackingArea">
        <real id="width">400</real>
        <real id="height">260</real>
      </size>
      <real id="rotation">0</real>
    </rect>
    <attributes id="autorotate">
      <boolean id="landscapeLeft">true</boolean>
      <boolean id="portrait">false</boolean>
      <boolean id="landscapeRight">false</boolean>
      <boolean id="portraitUpsideDown">false</boolean>
    </attributes>
  </attributes>
</scene>