<?xml version="1.0" encoding="UTF-8"?>
<assets PGFVersion="0.19" GSCVersion="0.10.4"><sounds><sound name="buzz"><file name="buzz.ogg" size="19605"/></sound><sound name="smack"><file name="smack.ogg" size="11394"/></sound><sound name="score"><file name="score.ogg" size="9773"/></sound></sounds><images><image name="background"><file name="background.png" size="9461"/></image><image name="obstacle"><file name="obstacle.png" size="6732"/></image><image name="ground"><file name="ground.png" size="28043"/></image><image name="bee01"><file name="bee01.png" size="4178"/></image><image name="bee02"><file name="bee02.png" size="3944"/></image><image name="bee03"><file name="bee03.png" size="3523"/></image><image name="click-to-fly"><file name="click-to-fly.png" size="9424"/></image><image name="tutsplus"><file name="tutsplus.png" size="1597"/></image></images><behaviors/></assets>
