<?xml version="1.0" encoding="UTF-8"?>
<game GSCVersion="0.10.4" PGFVersion="0.19" title="Buzzy Bee"><resolutionIndependence>0</resolutionIndependence><resolution>7</resolution><longDescription>Learn to create your own version of a Flappy Bird stye game from game development.tutsplus.com and www.jamie-cross.net</longDescription><prototypes><actor id="id717347"/><actor id="id307755"/><actor id="id455588"/><actor id="id216411"/><actor id="id483105"/><actor id="id355552"/><actor id="id310277"/><actor id="id292652"/><actor id="id492031"/><actor id="id997109"/><actor id="id431708"/><actor id="id185763"/><actor id="id800993"/></prototypes><plugins><attributes id="playhaven"/><attributes id="qqgamecenter"><boolean id="enabled">false</boolean></attributes></plugins><scenes><scene id="id269551"/></scenes><attributes><text id="name">default name</text><real id="time">0</real><size id="displaySize"><real id="width">480</real><real id="height">320</real></size><text id="actorTags">crash</text><integer name="score" id="id543454">0</integer><boolean name="playing" id="id202129">false</boolean><boolean name="dead" id="id421786">false</boolean></attributes></game>
