<?xml version="1.0" encoding="utf-8"?>
<scene PGFVersion="0.17" GSCVersion="0.9.91" id="id269551">
  <layers>
    <layer id="id112326">
      <actors>
        <actor id="id255091" prototype="id183830">
          <attributes>
            <point id="position">
              <real id="x">512</real>
              <real id="y">340</real>
            </point>
            <size id="size">
              <real id="width">1024</real>
              <real id="height">680</real>
            </size>
          </attributes>
          <aspects>
            <graphics>
              <attributes />
            </graphics>
            <motion />
            <physics>
              <attributes />
            </physics>
          </aspects>
        </actor>
        <actor id="id630609" prototype="id669251">
          <attributes>
            <point id="position">
              <real id="x">214.5</real>
              <real id="y">505.5</real>
            </point>
            <size id="size">
              <real id="width">336</real>
              <real id="height">24</real>
            </size>
          </attributes>
          <aspects>
            <graphics>
              <attributes />
            </graphics>
            <motion />
            <physics>
              <attributes />
            </physics>
          </aspects>
        </actor>
        <actor id="id414601" prototype="id669251">
          <attributes>
            <point id="position">
              <real id="x">410</real>
              <real id="y">381.5</real>
            </point>
            <size id="size">
              <real id="width">307</real>
              <real id="height">34</real>
            </size>
          </attributes>
          <aspects>
            <graphics>
              <attributes />
            </graphics>
            <motion />
            <physics>
              <attributes />
            </physics>
          </aspects>
        </actor>
        <actor id="id396259" prototype="id669251">
          <attributes>
            <point id="position">
              <real id="x">60.5</real>
              <real id="y">309.5</real>
            </point>
            <size id="size">
              <real id="width">28</real>
              <real id="height">98</real>
            </size>
          </attributes>
          <aspects>
            <graphics>
              <attributes />
            </graphics>
            <motion />
            <physics>
              <attributes />
            </physics>
          </aspects>
        </actor>
        <actor id="id456079" prototype="id669251">
          <attributes>
            <point id="position">
              <real id="x">98</real>
              <real id="y">290</real>
            </point>
            <size id="size">
              <real id="width">57</real>
              <real id="height">59</real>
            </size>
          </attributes>
          <aspects>
            <graphics>
              <attributes />
            </graphics>
            <motion />
            <physics>
              <attributes />
            </physics>
          </aspects>
        </actor>
        <actor id="id536613" prototype="id669251">
          <attributes>
            <point id="position">
              <real id="x">140</real>
              <real id="y">272.5</real>
            </point>
            <size id="size">
              <real id="width">37</real>
              <real id="height">24</real>
            </size>
          </attributes>
          <aspects>
            <graphics>
              <attributes />
            </graphics>
            <motion />
            <physics>
              <attributes />
            </physics>
          </aspects>
        </actor>
        <actor id="id781464" prototype="id669251">
          <attributes>
            <point id="position">
              <real id="x">700.5</real>
              <real id="y">514.5</real>
            </point>
            <size id="size">
              <real id="width">280</real>
              <real id="height">24</real>
            </size>
          </attributes>
          <aspects>
            <graphics>
              <attributes />
            </graphics>
            <motion />
            <physics>
              <attributes />
            </physics>
          </aspects>
        </actor>
        <actor id="id124717" prototype="id669251">
          <attributes>
            <point id="position">
              <real id="x">353.5</real>
              <real id="y">53.5</real>
            </point>
            <size id="size">
              <real id="width">416</real>
              <real id="height">38</real>
            </size>
          </attributes>
          <aspects>
            <graphics>
              <attributes />
            </graphics>
            <motion />
            <physics>
              <attributes />
            </physics>
          </aspects>
        </actor>
        <actor id="id396144" prototype="id669251">
          <attributes>
            <point id="position">
              <real id="x">382.5</real>
              <real id="y">87.5</real>
            </point>
            <size id="size">
              <real id="width">304</real>
              <real id="height">38</real>
            </size>
          </attributes>
          <aspects>
            <graphics>
              <attributes />
            </graphics>
            <motion />
            <physics>
              <attributes />
            </physics>
          </aspects>
        </actor>
        <actor id="id245434" prototype="id669251">
          <attributes>
            <point id="position">
              <real id="x">401</real>
              <real id="y">122</real>
            </point>
            <size id="size">
              <real id="width">193</real>
              <real id="height">43</real>
            </size>
          </attributes>
          <aspects>
            <graphics>
              <attributes />
            </graphics>
            <motion />
            <physics>
              <attributes />
            </physics>
          </aspects>
        </actor>
        <actor id="id992888" prototype="id669251">
          <attributes>
            <point id="position">
              <real id="x">422.5</real>
              <real id="y">164</real>
            </point>
            <size id="size">
              <real id="width">90</real>
              <real id="height">47</real>
            </size>
          </attributes>
          <aspects>
            <graphics>
              <attributes />
            </graphics>
            <motion />
            <physics>
              <attributes />
            </physics>
          </aspects>
        </actor>
        <actor id="id636577" prototype="id669251">
          <attributes>
            <point id="position">
              <real id="x">696.5</real>
              <real id="y">194.5</real>
            </point>
            <size id="size">
              <real id="width">94</real>
              <real id="height">16</real>
            </size>
            <angle id="rotation">0</angle>
          </attributes>
          <aspects>
            <graphics>
              <attributes />
            </graphics>
            <motion />
            <physics>
              <attributes />
            </physics>
          </aspects>
        </actor>
        <actor id="id239090" prototype="id669251">
          <attributes>
            <point id="position">
              <real id="x">725.5</real>
              <real id="y">63.5</real>
            </point>
            <size id="size">
              <real id="width">36</real>
              <real id="height">62</real>
            </size>
          </attributes>
          <aspects>
            <graphics>
              <attributes />
            </graphics>
            <motion />
            <physics>
              <attributes />
            </physics>
          </aspects>
        </actor>
        <actor id="id103652" prototype="id669251">
          <attributes>
            <point id="position">
              <real id="x">951.5</real>
              <real id="y">180.5</real>
            </point>
            <size id="size">
              <real id="width">74</real>
              <real id="height">24</real>
            </size>
          </attributes>
          <aspects>
            <graphics>
              <attributes />
            </graphics>
            <motion />
            <physics>
              <attributes />
            </physics>
          </aspects>
        </actor>
        <actor id="id759262" prototype="id344393">
          <attributes>
            <point id="position">
              <real id="x">949</real>
              <real id="y">207</real>
            </point>
          </attributes>
          <aspects>
            <graphics>
              <attributes />
            </graphics>
            <motion />
            <physics>
              <attributes />
            </physics>
          </aspects>
        </actor>
        <actor id="id596059" prototype="id397075">
          <attributes>
            <point id="position">
              <real id="x">863</real>
              <real id="y">59</real>
            </point>
            <size id="size">
              <real id="width">242</real>
              <real id="height">44</real>
            </size>
          </attributes>
          <aspects>
            <graphics>
              <attributes />
            </graphics>
            <motion />
            <physics>
              <attributes />
            </physics>
          </aspects>
        </actor>
        <actor id="id178105" prototype="id590977">
          <attributes>
            <point id="position">
              <real id="x">92</real>
              <real id="y">59</real>
            </point>
          </attributes>
          <aspects>
            <graphics>
              <attributes />
            </graphics>
            <motion />
            <physics>
              <attributes />
            </physics>
          </aspects>
        </actor>
        <actor id="id281623" prototype="id590977">
          <attributes>
            <point id="position">
              <real id="x">721</real>
              <real id="y">117</real>
            </point>
          </attributes>
          <aspects>
            <graphics>
              <attributes />
            </graphics>
            <motion />
            <physics>
              <attributes />
            </physics>
          </aspects>
        </actor>
        <actor id="id420589" prototype="id590977">
          <attributes>
            <point id="position">
              <real id="x">65</real>
              <real id="y">385</real>
            </point>
          </attributes>
          <aspects>
            <graphics>
              <attributes />
            </graphics>
            <motion />
            <physics>
              <attributes />
            </physics>
          </aspects>
        </actor>
        <actor id="id744496" prototype="id495883">
          <attributes>
            <point id="position">
              <real id="x">603</real>
              <real id="y">569.5</real>
            </point>
            <size id="size">
              <real id="width">52</real>
              <real id="height">93</real>
            </size>
          </attributes>
          <aspects>
            <graphics>
              <attributes />
            </graphics>
            <motion />
            <physics>
              <attributes />
            </physics>
          </aspects>
        </actor>
        <actor id="id319076" prototype="id669251">
          <attributes>
            <point id="position">
              <real id="x">1005</real>
              <real id="y">341</real>
            </point>
            <size id="size">
              <real id="width">38</real>
              <real id="height">680</real>
            </size>
          </attributes>
          <aspects>
            <graphics>
              <attributes />
            </graphics>
            <motion />
            <physics>
              <attributes />
            </physics>
          </aspects>
        </actor>
        <actor id="id218670" prototype="id669251">
          <attributes>
            <point id="position">
              <real id="x">540</real>
              <real id="y">513.5</real>
            </point>
            <size id="size">
              <real id="width">45</real>
              <real id="height">236</real>
            </size>
          </attributes>
          <aspects>
            <graphics>
              <attributes />
            </graphics>
            <motion />
            <physics>
              <attributes />
            </physics>
          </aspects>
        </actor>
        <actor id="id196837" prototype="id669251">
          <attributes>
            <point id="position">
              <real id="x">510</real>
              <real id="y">18</real>
            </point>
            <size id="size">
              <real id="width">1027</real>
              <real id="height">39</real>
            </size>
          </attributes>
          <aspects>
            <graphics>
              <attributes />
            </graphics>
            <motion />
            <physics>
              <attributes />
            </physics>
          </aspects>
        </actor>
        <actor id="id452108" prototype="id669251">
          <attributes>
            <point id="position">
              <real id="x">512</real>
              <real id="y">656.5</real>
            </point>
            <size id="size">
              <real id="width">1027</real>
              <real id="height">48</real>
            </size>
          </attributes>
          <aspects>
            <graphics>
              <attributes />
            </graphics>
            <motion />
            <physics>
              <attributes />
            </physics>
          </aspects>
        </actor>
        <actor id="id985441" prototype="id669251">
          <attributes>
            <point id="position">
              <real id="x">24</real>
              <real id="y">338</real>
            </point>
            <size id="size">
              <real id="width">46</real>
              <real id="height">680</real>
            </size>
          </attributes>
          <aspects>
            <graphics>
              <attributes />
            </graphics>
            <motion />
            <physics>
              <attributes />
            </physics>
          </aspects>
        </actor>
        <actor id="id745023" prototype="id214699">
          <attributes>
            <point id="position">
              <real id="x">214.5</real>
              <real id="y">517</real>
            </point>
            <size id="size">
              <real id="width">335</real>
              <real id="height">5</real>
            </size>
          </attributes>
          <aspects>
            <graphics>
              <attributes />
            </graphics>
            <motion />
            <physics>
              <attributes />
            </physics>
          </aspects>
        </actor>
        <actor id="id205269" prototype="id214699">
          <attributes>
            <point id="position">
              <real id="x">385</real>
              <real id="y">399.5</real>
            </point>
            <size id="size">
              <real id="width">264</real>
              <real id="height">5</real>
            </size>
          </attributes>
          <aspects>
            <graphics>
              <attributes />
            </graphics>
            <motion />
            <physics>
              <attributes />
            </physics>
          </aspects>
        </actor>
        <actor id="id347624" prototype="id214699">
          <attributes>
            <point id="position">
              <real id="x">950</real>
              <real id="y">195</real>
            </point>
            <size id="size">
              <real id="width">72</real>
              <real id="height">5</real>
            </size>
          </attributes>
          <aspects>
            <graphics>
              <attributes />
            </graphics>
            <motion />
            <physics>
              <attributes />
            </physics>
          </aspects>
        </actor>
        <actor id="id304041" prototype="id214699">
          <attributes>
            <point id="position">
              <real id="x">345</real>
              <real id="y">144.5</real>
            </point>
            <size id="size">
              <real id="width">74</real>
              <real id="height">5</real>
            </size>
            <angle id="rotation">0</angle>
          </attributes>
          <aspects>
            <graphics>
              <attributes />
            </graphics>
            <motion />
            <physics>
              <attributes />
            </physics>
          </aspects>
        </actor>
        <actor id="id936207" prototype="id214699">
          <attributes>
            <point id="position">
              <real id="x">271</real>
              <real id="y">108.5</real>
            </point>
            <size id="size">
              <real id="width">74</real>
              <real id="height">5</real>
            </size>
          </attributes>
          <aspects>
            <graphics>
              <attributes />
            </graphics>
            <motion />
            <physics>
              <attributes />
            </physics>
          </aspects>
        </actor>
        <actor id="id864435" prototype="id214699">
          <attributes>
            <point id="position">
              <real id="x">191.5</real>
              <real id="y">73.5</real>
            </point>
            <size id="size">
              <real id="width">85</real>
              <real id="height">5</real>
            </size>
          </attributes>
          <aspects>
            <graphics>
              <attributes />
            </graphics>
            <motion />
            <physics>
              <attributes />
            </physics>
          </aspects>
        </actor>
        <actor id="id783562" prototype="id214699">
          <attributes>
            <point id="position">
              <real id="x">96</real>
              <real id="y">39.5</real>
            </point>
            <size id="size">
              <real id="width">100</real>
              <real id="height">5</real>
            </size>
          </attributes>
          <aspects>
            <graphics>
              <attributes />
            </graphics>
            <motion />
            <physics>
              <attributes />
            </physics>
          </aspects>
        </actor>
        <actor id="id653712" prototype="id214699">
          <attributes>
            <point id="position">
              <real id="x">57.5</real>
              <real id="y">359.5</real>
            </point>
            <size id="size">
              <real id="width">27</real>
              <real id="height">5</real>
            </size>
          </attributes>
          <aspects>
            <graphics>
              <attributes />
            </graphics>
            <motion />
            <physics>
              <attributes />
            </physics>
          </aspects>
        </actor>
        <actor id="id300335" prototype="id214699">
          <attributes>
            <point id="position">
              <real id="x">97</real>
              <real id="y">320.5</real>
            </point>
            <size id="size">
              <real id="width">52</real>
              <real id="height">5</real>
            </size>
            <angle id="rotation">0</angle>
          </attributes>
          <aspects>
            <graphics>
              <attributes />
            </graphics>
            <motion />
            <physics>
              <attributes />
            </physics>
          </aspects>
        </actor>
        <actor id="id734083" prototype="id214699">
          <attributes>
            <point id="position">
              <real id="x">142</real>
              <real id="y">285.5</real>
            </point>
            <size id="size">
              <real id="width">32</real>
              <real id="height">5</real>
            </size>
          </attributes>
          <aspects>
            <graphics>
              <attributes />
            </graphics>
            <motion />
            <physics>
              <attributes />
            </physics>
          </aspects>
        </actor>
        <actor id="id800973" prototype="id214699">
          <attributes>
            <point id="position">
              <real id="x">482</real>
              <real id="y">144.5</real>
            </point>
            <size id="size">
              <real id="width">30</real>
              <real id="height">5</real>
            </size>
            <angle id="rotation">0</angle>
          </attributes>
          <aspects>
            <graphics>
              <attributes />
            </graphics>
            <motion />
            <physics>
              <attributes />
            </physics>
          </aspects>
        </actor>
        <actor id="id393858" prototype="id214699">
          <attributes>
            <point id="position">
              <real id="x">516</real>
              <real id="y">108.5</real>
            </point>
            <size id="size">
              <real id="width">36</real>
              <real id="height">5</real>
            </size>
            <angle id="rotation">0</angle>
          </attributes>
          <aspects>
            <graphics>
              <attributes />
            </graphics>
            <motion />
            <physics>
              <attributes />
            </physics>
          </aspects>
        </actor>
        <actor id="id972546" prototype="id214699">
          <attributes>
            <point id="position">
              <real id="x">548</real>
              <real id="y">74.5</real>
            </point>
            <size id="size">
              <real id="width">28</real>
              <real id="height">5</real>
            </size>
            <angle id="rotation">0</angle>
          </attributes>
          <aspects>
            <graphics>
              <attributes />
            </graphics>
            <motion />
            <physics>
              <attributes />
            </physics>
          </aspects>
        </actor>
        <actor id="id868349" prototype="id214699">
          <attributes>
            <point id="position">
              <real id="x">634.5</real>
              <real id="y">38.5</real>
            </point>
            <size id="size">
              <real id="width">147</real>
              <real id="height">24</real>
            </size>
            <angle id="rotation">0</angle>
          </attributes>
          <aspects>
            <graphics>
              <attributes />
            </graphics>
            <motion />
            <physics>
              <attributes />
            </physics>
          </aspects>
        </actor>
        <actor id="id644207" prototype="id214699">
          <attributes>
            <point id="position">
              <real id="x">725</real>
              <real id="y">88</real>
            </point>
            <size id="size">
              <real id="width">32</real>
              <real id="height">24</real>
            </size>
            <angle id="rotation">0</angle>
          </attributes>
          <aspects>
            <graphics>
              <attributes />
            </graphics>
            <motion />
            <physics>
              <attributes />
            </physics>
          </aspects>
        </actor>
        <actor id="id263746" prototype="id214699">
          <attributes>
            <point id="position">
              <real id="x">696.5</real>
              <real id="y">203.5</real>
            </point>
            <size id="size">
              <real id="width">95</real>
              <real id="height">5</real>
            </size>
            <angle id="rotation">0</angle>
          </attributes>
          <aspects>
            <graphics>
              <attributes />
            </graphics>
            <motion />
            <physics>
              <attributes />
            </physics>
          </aspects>
        </actor>
        <actor id="id319419" prototype="id214699">
          <attributes>
            <point id="position">
              <real id="x">701.5</real>
              <real id="y">526.5</real>
            </point>
            <size id="size">
              <real id="width">279</real>
              <real id="height">5</real>
            </size>
          </attributes>
          <aspects>
            <graphics>
              <attributes />
            </graphics>
            <motion />
            <physics>
              <attributes />
            </physics>
          </aspects>
        </actor>
        <actor id="id660028" prototype="id214699">
          <attributes>
            <point id="position">
              <real id="x">422</real>
              <real id="y">189.5</real>
            </point>
            <size id="size">
              <real id="width">82</real>
              <real id="height">5</real>
            </size>
            <angle id="rotation">0</angle>
          </attributes>
          <aspects>
            <graphics>
              <attributes />
            </graphics>
            <motion />
            <physics>
              <attributes />
            </physics>
          </aspects>
        </actor>
        <actor id="id424457" prototype="id892234">
          <attributes>
            <point id="position">
              <real id="x">123</real>
              <real id="y">567</real>
            </point>
          </attributes>
          <aspects>
            <graphics>
              <attributes />
            </graphics>
            <motion />
            <physics>
              <attributes />
            </physics>
          </aspects>
        </actor>
        <actor id="id356765" prototype="id892234">
          <attributes>
            <point id="position">
              <real id="x">316</real>
              <real id="y">565</real>
            </point>
          </attributes>
          <aspects>
            <graphics>
              <attributes />
            </graphics>
            <motion />
            <physics>
              <attributes />
            </physics>
          </aspects>
        </actor>
        <actor id="id498320" prototype="id892234">
          <attributes>
            <point id="position">
              <real id="x">318</real>
              <real id="y">452</real>
            </point>
          </attributes>
          <aspects>
            <graphics>
              <attributes />
            </graphics>
            <motion />
            <physics>
              <attributes />
            </physics>
          </aspects>
        </actor>
        <actor id="id408574" prototype="id892234">
          <attributes>
            <point id="position">
              <real id="x">181</real>
              <real id="y">126</real>
            </point>
          </attributes>
          <aspects>
            <graphics>
              <attributes />
            </graphics>
            <motion />
            <physics>
              <attributes />
            </physics>
          </aspects>
        </actor>
        <actor id="id373332" prototype="id892234">
          <attributes>
            <point id="position">
              <real id="x">677</real>
              <real id="y">574</real>
            </point>
          </attributes>
          <aspects>
            <graphics>
              <attributes />
            </graphics>
            <motion />
            <physics>
              <attributes />
            </physics>
          </aspects>
        </actor>
        <actor id="id246268" prototype="id892234">
          <attributes>
            <point id="position">
              <real id="x">797</real>
              <real id="y">569</real>
            </point>
          </attributes>
          <aspects>
            <graphics>
              <attributes />
            </graphics>
            <motion />
            <physics>
              <attributes />
            </physics>
          </aspects>
        </actor>
        <actor id="id541216" prototype="id892234">
          <attributes>
            <point id="position">
              <real id="x">418</real>
              <real id="y">244</real>
            </point>
          </attributes>
          <aspects>
            <graphics>
              <attributes />
            </graphics>
            <motion />
            <physics>
              <attributes />
            </physics>
          </aspects>
        </actor>
        <actor id="id309048" prototype="id892234">
          <attributes>
            <point id="position">
              <real id="x">692</real>
              <real id="y">255</real>
            </point>
          </attributes>
          <aspects>
            <graphics>
              <attributes />
            </graphics>
            <motion />
            <physics>
              <attributes />
            </physics>
          </aspects>
        </actor>
        <actor id="id576318" prototype="id892234">
          <attributes>
            <point id="position">
              <real id="x">104</real>
              <real id="y">371</real>
            </point>
          </attributes>
          <aspects>
            <graphics>
              <attributes />
            </graphics>
            <motion />
            <physics>
              <attributes />
            </physics>
          </aspects>
        </actor>
        <actor id="id985525" prototype="id295030">
          <attributes>
            <point id="position">
              <real id="x">100</real>
              <real id="y">544.5</real>
            </point>
            <size id="size">
              <real id="width">50</real>
              <real id="height">54</real>
            </size>
          </attributes>
          <aspects>
            <graphics>
              <attributes />
            </graphics>
            <motion />
            <physics>
              <attributes />
            </physics>
          </aspects>
        </actor>
        <actor id="id819957" prototype="id669251">
          <attributes>
            <point id="position">
              <real id="x">633</real>
              <real id="y">170.5</real>
            </point>
            <size id="size">
              <real id="width">35</real>
              <real id="height">24</real>
            </size>
            <angle id="rotation">0</angle>
          </attributes>
          <aspects>
            <graphics>
              <attributes />
            </graphics>
            <motion />
            <physics>
              <attributes />
            </physics>
          </aspects>
        </actor>
        <actor id="id338180" prototype="id214699">
          <attributes>
            <point id="position">
              <real id="x">633.5</real>
              <real id="y">186</real>
            </point>
            <size id="size">
              <real id="width">39</real>
              <real id="height">2</real>
            </size>
            <angle id="rotation">0</angle>
          </attributes>
          <aspects>
            <graphics>
              <attributes />
            </graphics>
            <motion />
            <physics>
              <attributes />
            </physics>
          </aspects>
        </actor>
        <actor id="id306500" prototype="id669251">
          <attributes>
            <point id="position">
              <real id="x">699</real>
              <real id="y">49.5</real>
            </point>
            <size id="size">
              <real id="width">35</real>
              <real id="height">28</real>
            </size>
            <angle id="rotation">0</angle>
          </attributes>
          <aspects>
            <graphics>
              <attributes />
            </graphics>
            <motion />
            <physics>
              <attributes />
            </physics>
          </aspects>
        </actor>
        <actor id="id973819" prototype="id214699">
          <attributes>
            <point id="position">
              <real id="x">701</real>
              <real id="y">66</real>
            </point>
            <size id="size">
              <real id="width">34</real>
              <real id="height">2</real>
            </size>
            <angle id="rotation">0</angle>
          </attributes>
          <aspects>
            <graphics>
              <attributes />
            </graphics>
            <motion />
            <physics>
              <attributes />
            </physics>
          </aspects>
        </actor>
      </actors>
      <attributes>
        <text id="name">Background</text>
        <boolean id="scrollable">true</boolean>
      </attributes>
    </layer>
  </layers>
  <attributes>
    <text id="name">Level 1</text>
    <real id="time">0</real>
    <size id="size">
      <real id="width">1024</real>
      <real id="height">680</real>
    </size>
    <boolean id="wrapX">false</boolean>
    <boolean id="wrapY">false</boolean>
    <point id="gravity">
      <real id="x">0</real>
      <real id="y">1500</real>
    </point>
    <color id="color">
      <real id="red">0</real>
      <real id="green">0</real>
      <real id="blue">0</real>
      <real id="alpha">1</real>
    </color>
    <rect id="camera">
      <point id="origin">
        <real id="x">0</real>
        <real id="y">0</real>
      </point>
      <size id="size">
        <real id="width">480</real>
        <real id="height">320</real>
      </size>
      <size id="trackingArea">
        <real id="width">110</real>
        <real id="height">66</real>
      </size>
      <real id="rotation">0</real>
    </rect>
    <attributes id="autorotate">
      <boolean id="landscapeLeft">true</boolean>
      <boolean id="portrait">false</boolean>
      <boolean id="landscapeRight">false</boolean>
      <boolean id="portraitUpsideDown">false</boolean>
    </attributes>
  </attributes>
</scene>