<?xml version="1.0" encoding="UTF-8"?>
<scene id="id269551" GSCVersion="0.10.4" PGFVersion="0.19"><layers><layer id="id112326"><actors><actor id="id728588" prototype="id997109"><attributes><point id="position"><real id="x">240</real><real id="y">160</real></point><size id="size"><real id="width">480</real><real id="height">320</real></size></attributes><aspects/></actor><actor id="id464942" prototype="id431708"><attributes><point id="position"><real id="x">480</real><real id="y">18</real></point><size id="size"><real id="width">960</real><real id="height">92</real></size><angle id="rotation">0</angle></attributes><aspects/></actor><actor id="id183792" prototype="id492031"><attributes><point id="position"><real id="x">237.705078125</real><real id="y">13.927734375</real></point><size id="size"><real id="width">493.84765625</real><real id="height">33.05078125</real></size></attributes><aspects/></actor><actor id="id660119" prototype="id355552"><attributes><point id="position"><real id="x">505.501953125</real><real id="y">159.513671875</real></point><size id="size"><real id="width">48.38671875</real><real id="height">47.38671875</real></size></attributes><aspects/></actor><actor id="id641005" prototype="id310277"><attributes><point id="position"><real id="x">240.1796875</real><real id="y">290.865234375</real></point><size id="size"><real id="width">489.234375</real><real id="height">48.03515625</real></size></attributes><aspects/></actor><actor id="id833659" prototype="id292652"><attributes><point id="position"><real id="x">239.46484375</real><real id="y">227.10546875</real></point><size id="size"><real id="width">490.4609375</real><real id="height">100</real></size></attributes><aspects/></actor><actor id="id735908" prototype="id307755"><attributes><point id="position"><real id="x">60.625</real><real id="y">209.3359375</real></point></attributes><aspects/></actor><actor id="id571119" prototype="id185763"><attributes><point id="position"><real id="x">238.4609375</real><real id="y">161.328125</real></point><size id="size"><real id="width">100</real><real id="height">126</real></size></attributes><aspects/></actor><actor id="id152471" prototype="id800993"><attributes><point id="position"><real id="x">244.8046875</real><real id="y">278.75</real></point><size id="size"><real id="width">128</real><real id="height">42</real></size></attributes><aspects/></actor></actors><attributes><text id="name">Background</text><boolean id="scrollable">true</boolean></attributes></layer></layers><attributes><text id="name">Initial Scene</text><real id="time">0</real><size id="size"><real id="width">480</real><real id="height">320</real></size><boolean id="wrapX">false</boolean><boolean id="wrapY">false</boolean><point id="gravity"><real id="x">0</real><real id="y">0</real></point><color id="color"><real id="red">0</real><real id="green">0</real><real id="blue">0</real><real id="alpha">1</real></color><rect id="camera"><point id="origin"><real id="x">0</real><real id="y">0</real></point><size id="size"><real id="width">480</real><real id="height">320</real></size><size id="trackingArea"><real id="width">400</real><real id="height">240</real></size><real id="rotation">0</real></rect><attributes id="autorotate"><boolean id="landscapeLeft">true</boolean><boolean id="portrait">false</boolean><boolean id="landscapeRight">false</boolean><boolean id="portraitUpsideDown">false</boolean></attributes></attributes></scene>
