<?xml version="1.0" encoding="utf-8"?>
<actor id="id389270" PGFVersion="0.17" GSCVersion="0.9.91">
  <attributes>
    <text id="name">READ ME FIRST!</text>
    <real id="time">0</real>
    <point id="position">
      <real id="x">0</real>
      <real id="y">0</real>
    </point>
    <size id="size">
      <real id="width">128</real>
      <real id="height">128</real>
    </size>
    <angle id="rotation">0</angle>
    <color id="color">
      <real id="red">1</real>
      <real id="green">1</real>
      <real id="blue">1</real>
      <real id="alpha">1</real>
    </color>
    <image id="image">GSBB</image>
    <text id="tags">DemoActors</text>
    <boolean id="preloadArt">true</boolean>
  </attributes>
  <behaviors>
    <behavior id="id535223" class="NoteBehavior" enabled="true">
      <attributes>
        <text id="name">Note - Intro</text>
        <text id="bundleName">Note.behavior</text>
        <text id="note">We put together this handy template of various multi-touch controller layouts that can be used for a variety of game styles. The best part is all of these control layouts are completely cross compatible between touch devices and keyboard-only devices! This means your game will be playable on touch devices like the iPhone as well as web platforms like GameSalad Arcade without time-consuming redesigns!
</text>
      </attributes>
    </behavior>
    <behavior id="id904988" class="NoteBehavior" enabled="true">
      <attributes>
        <text id="name">Note - Control Visibility Toggle Feature</text>
        <text id="bundleName">Note.behavior</text>
        <text id="note">There is a Game Attribute called "ControlVisibilityOn" that is checked by default. This will allow the player to see the on-screen controls when the game is running. If you would like your controls to be invisible to the player while on the web, uncheck this Attribute and then publish your game. At run time the controls will not be visible on screen but still function with the keyboard. If your game will allow the option for the player to choose whether or not they want the controls visible then associate the "ControlVisibilityOn" attribute with a button in the game that will toggle it on and off. </text>
      </attributes>
    </behavior>
    <behavior id="id817958" class="NoteBehavior" enabled="true">
      <attributes>
        <text id="name">Note - Scene Descriptions</text>
        <text id="bundleName">Note.behavior</text>
        <text id="note">Thumbstick_Style1: virtual analog movement WITH rotation
Thumbstick_Style2: virtual analog movement WITHOUT rotation
TwinStick_Style1: Left stick controls movement and rotation. Right stick controls bullet trajectory.
DPad_Style1: Tank style controls - UP/DOWN move back and forth, LEFT/RIGHT rotate.
DPad_Style2: Traditional DPad (digital) movement buttons</text>
      </attributes>
    </behavior>
    <behavior id="id456952" class="NoteBehavior" enabled="true">
      <attributes>
        <text id="name">Note - Free-To-Use Disclaimer</text>
        <text id="bundleName">Note.behavior</text>
        <text id="note">The contents of this template are our gift to you. Please feel free to use the behavior logic and artwork contained in this project in your own games. If you make any edits or omissions to the core logic contained in the controller actors we cannot guarantee their full compatibility across all platforms. Please only do so at your own discretion.

</text>
      </attributes>
    </behavior>
  </behaviors>
  <aspects>
    <graphics>
      <attributes>
        <boolean id="visible">true</boolean>
        <enumeration id="blendingMode">0</enumeration>
        <enumeration id="horizontalWrap">0</enumeration>
        <enumeration id="verticalWrap">0</enumeration>
        <enumeration id="horizontalAnchor">0</enumeration>
        <enumeration id="verticalAnchor">0</enumeration>
        <boolean id="flipHorizontally">false</boolean>
        <boolean id="flipVertically">false</boolean>
      </attributes>
    </graphics>
    <motion>
      <attributes>
        <point id="linearVelocity">
          <real id="x">0</real>
          <real id="y">0</real>
        </point>
        <real id="angularVelocity">0</real>
        <real id="maxSpeed">0</real>
        <boolean id="applyMaxSpeed">false</boolean>
      </attributes>
    </motion>
    <physics>
      <attributes>
        <real id="density">1</real>
        <real id="friction">3</real>
        <real id="restitution">1</real>
        <boolean id="fixedRotation">false</boolean>
        <boolean id="movable">true</boolean>
        <enumeration id="collisionShape">0</enumeration>
        <real id="drag">0</real>
        <real id="angularDrag">0</real>
      </attributes>
    </physics>
  </aspects>
</actor>