<?xml version="1.0" encoding="utf-8"?>
<actor id="id891417" PGFVersion="0.17" GSCVersion="0.9.91">
  <attributes>
    <text id="name">ThumbstickBase</text>
    <real id="time">0</real>
    <point id="position">
      <real id="x">0</real>
      <real id="y">0</real>
    </point>
    <size id="size">
      <real id="width">120</real>
      <real id="height">120</real>
    </size>
    <angle id="rotation">0</angle>
    <color id="color">
      <real id="red">1</real>
      <real id="green">1</real>
      <real id="blue">1</real>
      <real id="alpha">1</real>
    </color>
    <image id="image">ThumbstickBase</image>
    <text id="tags">ControllerActors</text>
    <boolean id="preloadArt">true</boolean>
  </attributes>
  <behaviors>
    <behavior id="id377208" class="CompoundBehavior" enabled="true">
      <attributes>
        <text id="name">Group: Spawn the Touch actors</text>
        <text id="bundleName">Group.behavior</text>
      </attributes>
      <behaviors>
        <behavior id="id750542" class="SpawnAction" enabled="true">
          <attributes>
            <text id="name">Spawn Actor - Touch Detector 1</text>
            <text id="bundleName">Spawn.behavior</text>
            <text id="prototypeKey">id373731</text>
            <angle id="direction">0</angle>
            <index id="directionSpace">0</index>
            <real id="x">0</real>
            <real id="y">0</real>
            <index id="positionSpace">1</index>
            <index id="layerOrder">0</index>
          </attributes>
        </behavior>
        <behavior id="id563668" class="SpawnAction" enabled="true">
          <attributes>
            <text id="name">Spawn Actor - Touch Detector 2</text>
            <text id="bundleName">Spawn.behavior</text>
            <text id="prototypeKey">id991164</text>
            <angle id="direction">0</angle>
            <index id="directionSpace">0</index>
            <real id="x">0</real>
            <real id="y">0</real>
            <index id="positionSpace">1</index>
            <index id="layerOrder">0</index>
          </attributes>
        </behavior>
        <behavior id="id782650" class="SpawnAction" enabled="true">
          <attributes>
            <text id="name">Spawn Actor - Touch Detector 3</text>
            <text id="bundleName">Spawn.behavior</text>
            <text id="prototypeKey">id342506</text>
            <angle id="direction">0</angle>
            <index id="directionSpace">0</index>
            <real id="x">0</real>
            <real id="y">0</real>
            <index id="positionSpace">1</index>
            <index id="layerOrder">0</index>
          </attributes>
        </behavior>
        <behavior id="id211262" class="SpawnAction" enabled="true">
          <attributes>
            <text id="name">Spawn Actor - Touch Detector 4</text>
            <text id="bundleName">Spawn.behavior</text>
            <text id="prototypeKey">id468561</text>
            <angle id="direction">0</angle>
            <index id="directionSpace">0</index>
            <real id="x">0</real>
            <real id="y">0</real>
            <index id="positionSpace">1</index>
            <index id="layerOrder">0</index>
          </attributes>
        </behavior>
        <behavior id="id783450" class="SpawnAction" enabled="true">
          <attributes>
            <text id="name">Spawn Actor - Touch Detector 5</text>
            <text id="bundleName">Spawn.behavior</text>
            <text id="prototypeKey">id340806</text>
            <angle id="direction">0</angle>
            <index id="directionSpace">0</index>
            <real id="x">0</real>
            <real id="y">0</real>
            <index id="positionSpace">1</index>
            <index id="layerOrder">0</index>
          </attributes>
        </behavior>
      </behaviors>
    </behavior>
    <behavior id="id407849" class="ChangeAttributeAction" enabled="true">
      <attributes>
        <text id="name">Change Attribute - Set Game Logic for Thumbstick 1 Base Position X</text>
        <text id="bundleName">ChangeAttribute.behavior</text>
        <text id="targetAttribute">game.attributes.id699995</text>
        <text id="RHS">
          <expression>
            <reference keypath="self.attributes.position.x" />
          </expression>
        </text>
      </attributes>
    </behavior>
    <behavior id="id925244" class="ChangeAttributeAction" enabled="true">
      <attributes>
        <text id="name">Change Attribute - Set Game Logic for Thumbstick 1 Base Position Y</text>
        <text id="bundleName">ChangeAttribute.behavior</text>
        <text id="targetAttribute">game.attributes.id628099</text>
        <text id="RHS">
          <expression>
            <reference keypath="self.attributes.position.y" />
          </expression>
        </text>
      </attributes>
    </behavior>
    <behavior id="id980830" class="ChangeAttributeAction" enabled="true">
      <attributes>
        <text id="name">Change Attribute - Set Game Logic for Thumbstick 1 Base Radius</text>
        <text id="bundleName">ChangeAttribute.behavior</text>
        <text id="targetAttribute">game.attributes.id627103</text>
        <text id="RHS">
          <expression>
            <reference keypath="self.attributes.size.width" />
            <string>/2</string>
          </expression>
        </text>
      </attributes>
    </behavior>
    <behavior id="id280165" class="RuleBehavior" enabled="true">
      <attributes>
        <text id="name">Rule - Toggle Visibility Based on Global Visibility Setting</text>
        <text id="bundleName">Rule.behavior</text>
        <real id="compoundConditionKind">0</real>
      </attributes>
      <conditions>
        <condition id="id778033" eventType="mouse button">
          <attributes>
            <index id="conditionType">1</index>
            <text id="subjectAttribute">game.attributes.id700593</text>
          </attributes>
          <predicate type="boolean">
            <attributes>
              <index id="RHS">1</index>
            </attributes>
          </predicate>
        </condition>
      </conditions>
      <behaviors>
        <behavior id="id315399" class="ChangeAttributeAction" enabled="true">
          <attributes>
            <text id="name">Change Attribute - Set Opacity to 100%</text>
            <text id="bundleName">ChangeAttribute.behavior</text>
            <text id="targetAttribute">self.attributes.color.alpha</text>
            <text id="RHS">1</text>
          </attributes>
        </behavior>
      </behaviors>
      <elseBehaviors>
        <behavior id="id870157" class="ChangeAttributeAction" enabled="true">
          <attributes>
            <text id="name">Change Attribute - Set Opacity to 0%</text>
            <text id="bundleName">ChangeAttribute.behavior</text>
            <text id="targetAttribute">self.attributes.color.alpha</text>
            <text id="RHS">0</text>
          </attributes>
        </behavior>
      </elseBehaviors>
    </behavior>
  </behaviors>
  <aspects>
    <graphics>
      <attributes>
        <boolean id="visible">true</boolean>
        <enumeration id="blendingMode">0</enumeration>
        <enumeration id="horizontalWrap">0</enumeration>
        <enumeration id="verticalWrap">0</enumeration>
        <enumeration id="horizontalAnchor">0</enumeration>
        <enumeration id="verticalAnchor">0</enumeration>
        <boolean id="flipHorizontally">false</boolean>
        <boolean id="flipVertically">false</boolean>
      </attributes>
    </graphics>
    <motion>
      <attributes>
        <point id="linearVelocity">
          <real id="x">0</real>
          <real id="y">0</real>
        </point>
        <real id="angularVelocity">0</real>
        <real id="maxSpeed">0</real>
        <boolean id="applyMaxSpeed">false</boolean>
      </attributes>
    </motion>
    <physics>
      <attributes>
        <real id="density">1</real>
        <real id="friction">3</real>
        <real id="restitution">1</real>
        <boolean id="fixedRotation">false</boolean>
        <boolean id="movable">false</boolean>
        <enumeration id="collisionShape">1</enumeration>
        <real id="drag">0</real>
        <real id="angularDrag">0</real>
      </attributes>
    </physics>
  </aspects>
</actor>