<?xml version="1.0" encoding="utf-8"?>
<actor id="id739261" PGFVersion="0.17" GSCVersion="0.9.91">
  <attributes>
    <text id="name">Thumbstick</text>
    <real id="time">0</real>
    <point id="position">
      <real id="x">0</real>
      <real id="y">0</real>
    </point>
    <size id="size">
      <real id="width">128</real>
      <real id="height">128</real>
    </size>
    <angle id="rotation">0</angle>
    <color id="color">
      <real id="red">1</real>
      <real id="green">1</real>
      <real id="blue">1</real>
      <real id="alpha">1</real>
    </color>
    <image id="image">Thumbstick</image>
    <text id="tags">ControllerActors</text>
    <boolean id="preloadArt">true</boolean>
    <boolean id="id162446" name="Snap To Base">true</boolean>
    <integer id="id234868" name="Touch ID">0</integer>
    <integer id="id388670" name="VectorX">0</integer>
    <integer id="id783449" name="VectorY">0</integer>
  </attributes>
  <behaviors>
    <behavior id="id106460" class="CompoundBehavior" enabled="true">
      <attributes>
        <text id="name">Group: Control Data- Angle and Distance from Center of the Corresponding Base</text>
        <text id="bundleName">Group.behavior</text>
      </attributes>
      <behaviors>
        <behavior id="id516219" class="ConstrainAttributeBehavior" enabled="true">
          <attributes>
            <text id="name">Constrain Attribute</text>
            <text id="bundleName">ConstrainAttribute.behavior</text>
            <text id="targetAttribute">game.attributes.id343851</text>
            <text id="RHS">
              <expression>
                <string>vectorToAngle(</string>
                <reference keypath="self.attributes.position.x" />
                <string>-</string>
                <reference keypath="game.attributes.id699995" />
                <string>,</string>
                <reference keypath="self.attributes.position.y" />
                <string>-</string>
                <reference keypath="game.attributes.id628099" />
                <string>)</string>
              </expression>
            </text>
          </attributes>
        </behavior>
        <behavior id="id703405" class="ConstrainAttributeBehavior" enabled="true">
          <attributes>
            <text id="name">Constrain Attribute</text>
            <text id="bundleName">ConstrainAttribute.behavior</text>
            <text id="targetAttribute">game.attributes.id737732</text>
            <text id="RHS">
              <expression>
                <string>magnitude(</string>
                <reference keypath="self.attributes.position.x" />
                <string>-</string>
                <reference keypath="game.attributes.id699995" />
                <string>,</string>
                <reference keypath="self.attributes.position.y" />
                <string>-</string>
                <reference keypath="game.attributes.id628099" />
                <string>)</string>
              </expression>
            </text>
          </attributes>
        </behavior>
      </behaviors>
    </behavior>
    <behavior id="id976387" class="CompoundBehavior" enabled="true">
      <attributes>
        <text id="name">Group - KEYBOARD CONTROLS</text>
        <text id="bundleName">Group.behavior</text>
      </attributes>
      <behaviors>
        <behavior id="id746934" class="NoteBehavior" enabled="true">
          <attributes>
            <text id="name">Note</text>
            <text id="bundleName">Note.behavior</text>
            <text id="note">Using keys for directional movement will change the VectorX and VectorY attributes. An angle can be determined using the vectorToAngle function in the expression editor using these attributes.

Default keys are mapped to ARROW KEYS but can be changed to your own preference.</text>
          </attributes>
        </behavior>
        <behavior id="id145237" class="RuleBehavior" enabled="true">
          <attributes>
            <text id="name">Rule: Down pressed</text>
            <text id="bundleName">Rule.behavior</text>
            <real id="compoundConditionKind">0</real>
          </attributes>
          <conditions>
            <condition id="id387125" eventType="key">
              <attributes>
                <index id="conditionType">0</index>
              </attributes>
              <predicate type="key">
                <attributes>
                  <text id="mode">down</text>
                  <text id="keyString">down</text>
                </attributes>
              </predicate>
            </condition>
          </conditions>
          <behaviors>
            <behavior id="id736446" class="ChangeAttributeAction" enabled="true">
              <attributes>
                <text id="name">Change Attribute</text>
                <text id="bundleName">ChangeAttribute.behavior</text>
                <text id="targetAttribute">self.attributes.id783449</text>
                <text id="RHS">
                  <expression>
                    <reference keypath="self.attributes.id783449" />
                    <string>-1</string>
                  </expression>
                </text>
              </attributes>
            </behavior>
            <behavior id="id896208" class="ChangeAttributeAction" enabled="true">
              <attributes>
                <text id="name">Change Attribute</text>
                <text id="bundleName">ChangeAttribute.behavior</text>
                <text id="targetAttribute">game.attributes.id790869</text>
                <text id="RHS">true</text>
              </attributes>
            </behavior>
          </behaviors>
          <elseBehaviors>
            <behavior id="id286335" class="ChangeAttributeAction" enabled="true">
              <attributes>
                <text id="name">Change Attribute</text>
                <text id="bundleName">ChangeAttribute.behavior</text>
                <text id="targetAttribute">self.attributes.id783449</text>
                <text id="RHS">
                  <expression>
                    <reference keypath="self.attributes.id783449" />
                    <string>+1</string>
                  </expression>
                </text>
              </attributes>
            </behavior>
            <behavior id="id615214" class="ChangeAttributeAction" enabled="true">
              <attributes>
                <text id="name">Change Attribute</text>
                <text id="bundleName">ChangeAttribute.behavior</text>
                <text id="targetAttribute">game.attributes.id790869</text>
                <text id="RHS">false</text>
              </attributes>
            </behavior>
          </elseBehaviors>
        </behavior>
        <behavior id="id811118" class="RuleBehavior" enabled="true">
          <attributes>
            <text id="name">Rule: Up pressed</text>
            <text id="bundleName">Rule.behavior</text>
            <real id="compoundConditionKind">0</real>
          </attributes>
          <conditions>
            <condition id="id387125" eventType="key">
              <attributes>
                <index id="conditionType">0</index>
              </attributes>
              <predicate type="key">
                <attributes>
                  <text id="mode">down</text>
                  <text id="keyString">up</text>
                </attributes>
              </predicate>
            </condition>
          </conditions>
          <behaviors>
            <behavior id="id931991" class="ChangeAttributeAction" enabled="true">
              <attributes>
                <text id="name">Change Attribute</text>
                <text id="bundleName">ChangeAttribute.behavior</text>
                <text id="targetAttribute">self.attributes.id783449</text>
                <text id="RHS">
                  <expression>
                    <reference keypath="self.attributes.id783449" />
                    <string>+1</string>
                  </expression>
                </text>
              </attributes>
            </behavior>
            <behavior id="id724766" class="ChangeAttributeAction" enabled="true">
              <attributes>
                <text id="name">Change Attribute</text>
                <text id="bundleName">ChangeAttribute.behavior</text>
                <text id="targetAttribute">game.attributes.id901403</text>
                <text id="RHS">true</text>
              </attributes>
            </behavior>
          </behaviors>
          <elseBehaviors>
            <behavior id="id251110" class="ChangeAttributeAction" enabled="true">
              <attributes>
                <text id="name">Change Attribute</text>
                <text id="bundleName">ChangeAttribute.behavior</text>
                <text id="targetAttribute">self.attributes.id783449</text>
                <text id="RHS">
                  <expression>
                    <reference keypath="self.attributes.id783449" />
                    <string>-1</string>
                  </expression>
                </text>
              </attributes>
            </behavior>
            <behavior id="id256898" class="ChangeAttributeAction" enabled="true">
              <attributes>
                <text id="name">Change Attribute</text>
                <text id="bundleName">ChangeAttribute.behavior</text>
                <text id="targetAttribute">game.attributes.id901403</text>
                <text id="RHS">false</text>
              </attributes>
            </behavior>
          </elseBehaviors>
        </behavior>
        <behavior id="id763578" class="RuleBehavior" enabled="true">
          <attributes>
            <text id="name">Rule: Left pressed</text>
            <text id="bundleName">Rule.behavior</text>
            <real id="compoundConditionKind">0</real>
          </attributes>
          <conditions>
            <condition id="id684295" eventType="key">
              <attributes>
                <index id="conditionType">0</index>
              </attributes>
              <predicate type="key">
                <attributes>
                  <text id="mode">down</text>
                  <text id="keyString">left</text>
                </attributes>
              </predicate>
            </condition>
          </conditions>
          <behaviors>
            <behavior id="id122554" class="ChangeAttributeAction" enabled="true">
              <attributes>
                <text id="name">Change Attribute</text>
                <text id="bundleName">ChangeAttribute.behavior</text>
                <text id="targetAttribute">self.attributes.id388670</text>
                <text id="RHS">
                  <expression>
                    <reference keypath="self.attributes.id388670" />
                    <string>-1</string>
                  </expression>
                </text>
              </attributes>
            </behavior>
            <behavior id="id261662" class="ChangeAttributeAction" enabled="true">
              <attributes>
                <text id="name">Change Attribute</text>
                <text id="bundleName">ChangeAttribute.behavior</text>
                <text id="targetAttribute">game.attributes.id531199</text>
                <text id="RHS">true</text>
              </attributes>
            </behavior>
          </behaviors>
          <elseBehaviors>
            <behavior id="id604121" class="ChangeAttributeAction" enabled="true">
              <attributes>
                <text id="name">Change Attribute</text>
                <text id="bundleName">ChangeAttribute.behavior</text>
                <text id="targetAttribute">self.attributes.id388670</text>
                <text id="RHS">
                  <expression>
                    <reference keypath="self.attributes.id388670" />
                    <string>+1</string>
                  </expression>
                </text>
              </attributes>
            </behavior>
            <behavior id="id554786" class="ChangeAttributeAction" enabled="true">
              <attributes>
                <text id="name">Change Attribute</text>
                <text id="bundleName">ChangeAttribute.behavior</text>
                <text id="targetAttribute">game.attributes.id531199</text>
                <text id="RHS">false</text>
              </attributes>
            </behavior>
          </elseBehaviors>
        </behavior>
        <behavior id="id957681" class="RuleBehavior" enabled="true">
          <attributes>
            <text id="name">Rule: Right pressed</text>
            <text id="bundleName">Rule.behavior</text>
            <real id="compoundConditionKind">0</real>
          </attributes>
          <conditions>
            <condition id="id684295" eventType="key">
              <attributes>
                <index id="conditionType">0</index>
              </attributes>
              <predicate type="key">
                <attributes>
                  <text id="mode">down</text>
                  <text id="keyString">right</text>
                </attributes>
              </predicate>
            </condition>
          </conditions>
          <behaviors>
            <behavior id="id885159" class="ChangeAttributeAction" enabled="true">
              <attributes>
                <text id="name">Change Attribute</text>
                <text id="bundleName">ChangeAttribute.behavior</text>
                <text id="targetAttribute">self.attributes.id388670</text>
                <text id="RHS">
                  <expression>
                    <reference keypath="self.attributes.id388670" />
                    <string>+1</string>
                  </expression>
                </text>
              </attributes>
            </behavior>
            <behavior id="id355752" class="ChangeAttributeAction" enabled="true">
              <attributes>
                <text id="name">Change Attribute</text>
                <text id="bundleName">ChangeAttribute.behavior</text>
                <text id="targetAttribute">game.attributes.id468037</text>
                <text id="RHS">true</text>
              </attributes>
            </behavior>
          </behaviors>
          <elseBehaviors>
            <behavior id="id306163" class="ChangeAttributeAction" enabled="true">
              <attributes>
                <text id="name">Change Attribute</text>
                <text id="bundleName">ChangeAttribute.behavior</text>
                <text id="targetAttribute">self.attributes.id388670</text>
                <text id="RHS">
                  <expression>
                    <reference keypath="self.attributes.id388670" />
                    <string>-1</string>
                  </expression>
                </text>
              </attributes>
            </behavior>
            <behavior id="id265255" class="ChangeAttributeAction" enabled="true">
              <attributes>
                <text id="name">Change Attribute</text>
                <text id="bundleName">ChangeAttribute.behavior</text>
                <text id="targetAttribute">game.attributes.id468037</text>
                <text id="RHS">false</text>
              </attributes>
            </behavior>
          </elseBehaviors>
        </behavior>
      </behaviors>
    </behavior>
    <behavior id="id775482" class="RuleBehavior" enabled="true">
      <attributes>
        <text id="name">Rule: Use TOUCH controls if KEYBOARD not in use</text>
        <text id="bundleName">Rule.behavior</text>
        <real id="compoundConditionKind">0</real>
      </attributes>
      <conditions>
        <condition id="id546971" eventType="key">
          <attributes>
            <index id="conditionType">1</index>
            <text id="subjectAttribute">self.attributes.id388670</text>
          </attributes>
          <predicate type="number">
            <attributes>
              <text id="operator">=</text>
              <real id="RHS">0</real>
            </attributes>
          </predicate>
        </condition>
        <condition id="id714346" eventType="mouse button">
          <attributes>
            <index id="conditionType">1</index>
            <text id="subjectAttribute">self.attributes.id783449</text>
          </attributes>
          <predicate type="number">
            <attributes>
              <text id="operator">=</text>
              <real id="RHS">0</real>
            </attributes>
          </predicate>
        </condition>
      </conditions>
      <behaviors>
        <behavior id="id656103" class="ChangeAttributeAction" enabled="true">
          <attributes>
            <text id="name">Change Attribute</text>
            <text id="bundleName">ChangeAttribute.behavior</text>
            <text id="targetAttribute">game.attributes.id669834</text>
            <text id="RHS">false</text>
          </attributes>
        </behavior>
        <behavior id="id524476" class="CompoundBehavior" enabled="true">
          <attributes>
            <text id="name">Group: Touch Screen Controls</text>
            <text id="bundleName">Group.behavior</text>
          </attributes>
          <behaviors>
            <behavior id="id872018" class="RuleBehavior" enabled="true">
              <attributes>
                <text id="name">Rule: Hold the control</text>
                <text id="bundleName">Rule.behavior</text>
                <real id="compoundConditionKind">0</real>
              </attributes>
              <conditions>
                <condition id="id261256" eventType="touch">
                  <attributes>
                    <index id="conditionType">0</index>
                    <text id="name">default name</text>
                  </attributes>
                  <predicate type="touch" conditionType="pressed">
                    <attributes>
                      <text id="name">default name</text>
                    </attributes>
                  </predicate>
                </condition>
                <condition id="id488910" eventType="mouse button">
                  <attributes>
                    <index id="conditionType">1</index>
                    <text id="subjectAttribute">game.attributes.id700593</text>
                  </attributes>
                  <predicate type="boolean">
                    <attributes>
                      <index id="RHS">1</index>
                    </attributes>
                  </predicate>
                </condition>
              </conditions>
              <behaviors>
                <behavior id="id918673" class="ChangeAttributeAction" enabled="true">
                  <attributes>
                    <text id="name">Change Attribute</text>
                    <text id="bundleName">ChangeAttribute.behavior</text>
                    <text id="targetAttribute">self.attributes.id162446</text>
                    <text id="RHS">false</text>
                  </attributes>
                </behavior>
                <behavior id="id873843" class="ChangeAttributeAction" enabled="true">
                  <attributes>
                    <text id="name">Change Attribute</text>
                    <text id="bundleName">ChangeAttribute.behavior</text>
                    <text id="targetAttribute">game.attributes.id669834</text>
                    <text id="RHS">true</text>
                  </attributes>
                </behavior>
              </behaviors>
              <elseBehaviors>
                <behavior id="id462777" class="ChangeAttributeAction" enabled="true">
                  <attributes>
                    <text id="name">Change Attribute</text>
                    <text id="bundleName">ChangeAttribute.behavior</text>
                    <text id="targetAttribute">self.attributes.id234868</text>
                    <text id="RHS">0</text>
                  </attributes>
                </behavior>
                <behavior id="id248341" class="ChangeAttributeAction" enabled="true">
                  <attributes>
                    <text id="name">Change Attribute</text>
                    <text id="bundleName">ChangeAttribute.behavior</text>
                    <text id="targetAttribute">game.attributes.id669834</text>
                    <text id="RHS">false</text>
                  </attributes>
                </behavior>
                <behavior id="id557666" class="ChangeAttributeAction" enabled="true">
                  <attributes>
                    <text id="name">Change Attribute</text>
                    <text id="bundleName">ChangeAttribute.behavior</text>
                    <text id="targetAttribute">self.attributes.id162446</text>
                    <text id="RHS">true</text>
                  </attributes>
                </behavior>
                <behavior id="id252256" class="TimerBehavior" enabled="true">
                  <attributes>
                    <text id="name">Timer</text>
                    <text id="bundleName">Timer.behavior</text>
                    <index id="timerType">2</index>
                    <real id="interval">1</real>
                    <boolean id="runToCompletion">false</boolean>
                  </attributes>
                  <behaviors>
                    <behavior id="id381384" class="ConstrainAttributeBehavior" enabled="true">
                      <attributes>
                        <text id="name">Constrain Attribute</text>
                        <text id="bundleName">ConstrainAttribute.behavior</text>
                        <text id="targetAttribute">self.attributes.id234868</text>
                        <text id="RHS">0</text>
                      </attributes>
                    </behavior>
                    <behavior id="id736890" class="ConstrainAttributeBehavior" enabled="true">
                      <attributes>
                        <text id="name">Constrain Attribute</text>
                        <text id="bundleName">ConstrainAttribute.behavior</text>
                        <text id="targetAttribute">game.attributes.id669834</text>
                        <text id="RHS">false</text>
                      </attributes>
                    </behavior>
                    <behavior id="id106494" class="ConstrainAttributeBehavior" enabled="true">
                      <attributes>
                        <text id="name">Constrain Attribute</text>
                        <text id="bundleName">ConstrainAttribute.behavior</text>
                        <text id="targetAttribute">self.attributes.id162446</text>
                        <text id="RHS">true</text>
                      </attributes>
                    </behavior>
                  </behaviors>
                </behavior>
              </elseBehaviors>
            </behavior>
            <behavior id="id110405" class="RuleBehavior" enabled="true">
              <attributes>
                <text id="name">Rule: Controlling</text>
                <text id="bundleName">Rule.behavior</text>
                <real id="compoundConditionKind">0</real>
              </attributes>
              <conditions>
                <condition id="id351484" eventType="mouse button">
                  <attributes>
                    <index id="conditionType">1</index>
                    <text id="subjectAttribute">self.attributes.id162446</text>
                    <text id="name">default name</text>
                  </attributes>
                  <predicate type="boolean">
                    <attributes>
                      <index id="RHS">0</index>
                    </attributes>
                  </predicate>
                </condition>
              </conditions>
              <behaviors>
                <behavior id="id899575" class="CompoundBehavior" enabled="true">
                  <attributes>
                    <text id="name">Group: Use Selected Touch Tracker</text>
                    <text id="bundleName">Group.behavior</text>
                  </attributes>
                  <behaviors>
                    <behavior id="id394168" class="RuleBehavior" enabled="true">
                      <attributes>
                        <text id="name">Rule: Touch 1</text>
                        <text id="bundleName">Rule.behavior</text>
                        <real id="compoundConditionKind">0</real>
                      </attributes>
                      <conditions>
                        <condition id="id750813" eventType="overlaps or collides">
                          <attributes>
                            <index id="conditionType">1</index>
                            <text id="subjectAttribute">self.attributes.id234868</text>
                            <text id="name">default name</text>
                          </attributes>
                          <predicate type="number">
                            <attributes>
                              <text id="operator">=</text>
                              <real id="RHS">1</real>
                            </attributes>
                          </predicate>
                        </condition>
                      </conditions>
                      <behaviors>
                        <behavior id="id536509" class="ConstrainAttributeBehavior" enabled="true">
                          <attributes>
                            <text id="name">Constrain Attribute</text>
                            <text id="bundleName">ConstrainAttribute.behavior</text>
                            <text id="targetAttribute">self.attributes.position.y</text>
                            <text id="RHS">
                              <expression>
                                <reference keypath="game.attributes.id628099" />
                                <string>+min(</string>
                                <reference keypath="game.attributes.id627103" />
                                <string>,magnitude(</string>
                                <reference keypath="game.devices.touches.touch1.x" />
                                <string>-</string>
                                <reference keypath="game.attributes.id699995" />
                                <string>,</string>
                                <reference keypath="game.devices.touches.touch1.y" />
                                <string>-</string>
                                <reference keypath="game.attributes.id628099" />
                                <string>))*sin(vectorToAngle(</string>
                                <reference keypath="game.devices.touches.touch1.x" />
                                <string>-</string>
                                <reference keypath="game.attributes.id699995" />
                                <string>,</string>
                                <reference keypath="game.devices.touches.touch1.y" />
                                <string>-</string>
                                <reference keypath="game.attributes.id628099" />
                                <string>))</string>
                              </expression>
                            </text>
                          </attributes>
                        </behavior>
                        <behavior id="id702903" class="ConstrainAttributeBehavior" enabled="true">
                          <attributes>
                            <text id="name">Constrain Attribute</text>
                            <text id="bundleName">ConstrainAttribute.behavior</text>
                            <text id="targetAttribute">self.attributes.position.x</text>
                            <text id="RHS">
                              <expression>
                                <reference keypath="game.attributes.id699995" />
                                <string>+min(</string>
                                <reference keypath="game.attributes.id627103" />
                                <string>,magnitude(</string>
                                <reference keypath="game.devices.touches.touch1.x" />
                                <string>-</string>
                                <reference keypath="game.attributes.id699995" />
                                <string>,</string>
                                <reference keypath="game.devices.touches.touch1.y" />
                                <string>-</string>
                                <reference keypath="game.attributes.id628099" />
                                <string>))*cos(vectorToAngle(</string>
                                <reference keypath="game.devices.touches.touch1.x" />
                                <string>-</string>
                                <reference keypath="game.attributes.id699995" />
                                <string>,</string>
                                <reference keypath="game.devices.touches.touch1.y" />
                                <string>-</string>
                                <reference keypath="game.attributes.id628099" />
                                <string>))</string>
                              </expression>
                            </text>
                          </attributes>
                        </behavior>
                      </behaviors>
                      <elseBehaviors />
                    </behavior>
                    <behavior id="id493414" class="RuleBehavior" enabled="true">
                      <attributes>
                        <text id="name">Rule: Touch 2</text>
                        <text id="bundleName">Rule.behavior</text>
                        <real id="compoundConditionKind">0</real>
                      </attributes>
                      <conditions>
                        <condition id="id750813" eventType="overlaps or collides">
                          <attributes>
                            <index id="conditionType">1</index>
                            <text id="subjectAttribute">self.attributes.id234868</text>
                            <text id="name">default name</text>
                          </attributes>
                          <predicate type="number">
                            <attributes>
                              <text id="operator">=</text>
                              <real id="RHS">2</real>
                            </attributes>
                          </predicate>
                        </condition>
                      </conditions>
                      <behaviors>
                        <behavior id="id702903" class="ConstrainAttributeBehavior" enabled="true">
                          <attributes>
                            <text id="name">Constrain Attribute</text>
                            <text id="bundleName">ConstrainAttribute.behavior</text>
                            <text id="targetAttribute">self.attributes.position.x</text>
                            <text id="RHS">
                              <expression>
                                <reference keypath="game.attributes.id699995" />
                                <string>+min(</string>
                                <reference keypath="game.attributes.id627103" />
                                <string>,magnitude(</string>
                                <reference keypath="game.devices.touches.touch2.x" />
                                <string>-</string>
                                <reference keypath="game.attributes.id699995" />
                                <string>,</string>
                                <reference keypath="game.devices.touches.touch2.y" />
                                <string>-</string>
                                <reference keypath="game.attributes.id628099" />
                                <string>))*cos(vectorToAngle(</string>
                                <reference keypath="game.devices.touches.touch2.x" />
                                <string>-</string>
                                <reference keypath="game.attributes.id699995" />
                                <string>,</string>
                                <reference keypath="game.devices.touches.touch2.y" />
                                <string>-</string>
                                <reference keypath="game.attributes.id628099" />
                                <string>))</string>
                              </expression>
                            </text>
                          </attributes>
                        </behavior>
                        <behavior id="id891224" class="ConstrainAttributeBehavior" enabled="true">
                          <attributes>
                            <text id="name">Constrain Attribute</text>
                            <text id="bundleName">ConstrainAttribute.behavior</text>
                            <text id="targetAttribute">self.attributes.position.y</text>
                            <text id="RHS">
                              <expression>
                                <reference keypath="game.attributes.id628099" />
                                <string>+min(</string>
                                <reference keypath="game.attributes.id627103" />
                                <string>,magnitude(</string>
                                <reference keypath="game.devices.touches.touch2.x" />
                                <string>-</string>
                                <reference keypath="game.attributes.id699995" />
                                <string>,</string>
                                <reference keypath="game.devices.touches.touch2.y" />
                                <string>-</string>
                                <reference keypath="game.attributes.id628099" />
                                <string>))*sin(vectorToAngle(</string>
                                <reference keypath="game.devices.touches.touch2.x" />
                                <string>-</string>
                                <reference keypath="game.attributes.id699995" />
                                <string>,</string>
                                <reference keypath="game.devices.touches.touch2.y" />
                                <string>-</string>
                                <reference keypath="game.attributes.id628099" />
                                <string>))</string>
                              </expression>
                            </text>
                          </attributes>
                        </behavior>
                      </behaviors>
                      <elseBehaviors />
                    </behavior>
                    <behavior id="id815744" class="RuleBehavior" enabled="true">
                      <attributes>
                        <text id="name">Rule: Touch 3</text>
                        <text id="bundleName">Rule.behavior</text>
                        <real id="compoundConditionKind">0</real>
                      </attributes>
                      <conditions>
                        <condition id="id750813" eventType="overlaps or collides">
                          <attributes>
                            <index id="conditionType">1</index>
                            <text id="subjectAttribute">self.attributes.id234868</text>
                            <text id="name">default name</text>
                          </attributes>
                          <predicate type="number">
                            <attributes>
                              <text id="operator">=</text>
                              <real id="RHS">3</real>
                            </attributes>
                          </predicate>
                        </condition>
                      </conditions>
                      <behaviors>
                        <behavior id="id702903" class="ConstrainAttributeBehavior" enabled="true">
                          <attributes>
                            <text id="name">Constrain Attribute</text>
                            <text id="bundleName">ConstrainAttribute.behavior</text>
                            <text id="targetAttribute">self.attributes.position.x</text>
                            <text id="RHS">
                              <expression>
                                <reference keypath="game.attributes.id699995" />
                                <string>+min(</string>
                                <reference keypath="game.attributes.id627103" />
                                <string>,magnitude(</string>
                                <reference keypath="game.devices.touches.touch3.x" />
                                <string>-</string>
                                <reference keypath="game.attributes.id699995" />
                                <string>,</string>
                                <reference keypath="game.devices.touches.touch3.y" />
                                <string>-</string>
                                <reference keypath="game.attributes.id628099" />
                                <string>))*cos(vectorToAngle(</string>
                                <reference keypath="game.devices.touches.touch3.x" />
                                <string>-</string>
                                <reference keypath="game.attributes.id699995" />
                                <string>,</string>
                                <reference keypath="game.devices.touches.touch3.y" />
                                <string>-</string>
                                <reference keypath="game.attributes.id628099" />
                                <string>))</string>
                              </expression>
                            </text>
                          </attributes>
                        </behavior>
                        <behavior id="id891224" class="ConstrainAttributeBehavior" enabled="true">
                          <attributes>
                            <text id="name">Constrain Attribute</text>
                            <text id="bundleName">ConstrainAttribute.behavior</text>
                            <text id="targetAttribute">self.attributes.position.y</text>
                            <text id="RHS">
                              <expression>
                                <reference keypath="game.attributes.id628099" />
                                <string>+min(</string>
                                <reference keypath="game.attributes.id627103" />
                                <string>,magnitude(</string>
                                <reference keypath="game.devices.touches.touch3.x" />
                                <string>-</string>
                                <reference keypath="game.attributes.id699995" />
                                <string>,</string>
                                <reference keypath="game.devices.touches.touch3.y" />
                                <string>-</string>
                                <reference keypath="game.attributes.id628099" />
                                <string>))*sin(vectorToAngle(</string>
                                <reference keypath="game.devices.touches.touch3.x" />
                                <string>-</string>
                                <reference keypath="game.attributes.id699995" />
                                <string>,</string>
                                <reference keypath="game.devices.touches.touch3.y" />
                                <string>-</string>
                                <reference keypath="game.attributes.id628099" />
                                <string>))</string>
                              </expression>
                            </text>
                          </attributes>
                        </behavior>
                      </behaviors>
                      <elseBehaviors />
                    </behavior>
                    <behavior id="id225016" class="RuleBehavior" enabled="true">
                      <attributes>
                        <text id="name">Rule: Touch 4</text>
                        <text id="bundleName">Rule.behavior</text>
                        <real id="compoundConditionKind">0</real>
                      </attributes>
                      <conditions>
                        <condition id="id750813" eventType="overlaps or collides">
                          <attributes>
                            <index id="conditionType">1</index>
                            <text id="subjectAttribute">self.attributes.id234868</text>
                            <text id="name">default name</text>
                          </attributes>
                          <predicate type="number">
                            <attributes>
                              <text id="operator">=</text>
                              <real id="RHS">4</real>
                            </attributes>
                          </predicate>
                        </condition>
                      </conditions>
                      <behaviors>
                        <behavior id="id702903" class="ConstrainAttributeBehavior" enabled="true">
                          <attributes>
                            <text id="name">Constrain Attribute</text>
                            <text id="bundleName">ConstrainAttribute.behavior</text>
                            <text id="targetAttribute">self.attributes.position.x</text>
                            <text id="RHS">
                              <expression>
                                <reference keypath="game.attributes.id699995" />
                                <string>+min(</string>
                                <reference keypath="game.attributes.id627103" />
                                <string>,magnitude(</string>
                                <reference keypath="game.devices.touches.touch4.x" />
                                <string>-</string>
                                <reference keypath="game.attributes.id699995" />
                                <string>,</string>
                                <reference keypath="game.devices.touches.touch4.y" />
                                <string>-</string>
                                <reference keypath="game.attributes.id628099" />
                                <string>))*cos(vectorToAngle(</string>
                                <reference keypath="game.devices.touches.touch4.x" />
                                <string>-</string>
                                <reference keypath="game.attributes.id699995" />
                                <string>,</string>
                                <reference keypath="game.devices.touches.touch4.y" />
                                <string>-</string>
                                <reference keypath="game.attributes.id628099" />
                                <string>))</string>
                              </expression>
                            </text>
                          </attributes>
                        </behavior>
                        <behavior id="id891224" class="ConstrainAttributeBehavior" enabled="true">
                          <attributes>
                            <text id="name">Constrain Attribute</text>
                            <text id="bundleName">ConstrainAttribute.behavior</text>
                            <text id="targetAttribute">self.attributes.position.y</text>
                            <text id="RHS">
                              <expression>
                                <reference keypath="game.attributes.id628099" />
                                <string>+min(</string>
                                <reference keypath="game.attributes.id627103" />
                                <string>,magnitude(</string>
                                <reference keypath="game.devices.touches.touch4.x" />
                                <string>-</string>
                                <reference keypath="game.attributes.id699995" />
                                <string>,</string>
                                <reference keypath="game.devices.touches.touch4.y" />
                                <string>-</string>
                                <reference keypath="game.attributes.id628099" />
                                <string>))*sin(vectorToAngle(</string>
                                <reference keypath="game.devices.touches.touch4.x" />
                                <string>-</string>
                                <reference keypath="game.attributes.id699995" />
                                <string>,</string>
                                <reference keypath="game.devices.touches.touch4.y" />
                                <string>-</string>
                                <reference keypath="game.attributes.id628099" />
                                <string>))</string>
                              </expression>
                            </text>
                          </attributes>
                        </behavior>
                      </behaviors>
                      <elseBehaviors />
                    </behavior>
                    <behavior id="id654173" class="RuleBehavior" enabled="true">
                      <attributes>
                        <text id="name">Rule: Touch 5</text>
                        <text id="bundleName">Rule.behavior</text>
                        <real id="compoundConditionKind">0</real>
                      </attributes>
                      <conditions>
                        <condition id="id750813" eventType="overlaps or collides">
                          <attributes>
                            <index id="conditionType">1</index>
                            <text id="subjectAttribute">self.attributes.id234868</text>
                            <text id="name">default name</text>
                          </attributes>
                          <predicate type="number">
                            <attributes>
                              <text id="operator">=</text>
                              <real id="RHS">5</real>
                            </attributes>
                          </predicate>
                        </condition>
                      </conditions>
                      <behaviors>
                        <behavior id="id702903" class="ConstrainAttributeBehavior" enabled="true">
                          <attributes>
                            <text id="name">Constrain Attribute</text>
                            <text id="bundleName">ConstrainAttribute.behavior</text>
                            <text id="targetAttribute">self.attributes.position.x</text>
                            <text id="RHS">
                              <expression>
                                <reference keypath="game.attributes.id699995" />
                                <string>+min(</string>
                                <reference keypath="game.attributes.id627103" />
                                <string>,magnitude(</string>
                                <reference keypath="game.devices.touches.touch5.x" />
                                <string>-</string>
                                <reference keypath="game.attributes.id699995" />
                                <string>,</string>
                                <reference keypath="game.devices.touches.touch5.y" />
                                <string>-</string>
                                <reference keypath="game.attributes.id628099" />
                                <string>))*cos(vectorToAngle(</string>
                                <reference keypath="game.devices.touches.touch5.x" />
                                <string>-</string>
                                <reference keypath="game.attributes.id699995" />
                                <string>,</string>
                                <reference keypath="game.devices.touches.touch5.y" />
                                <string>-</string>
                                <reference keypath="game.attributes.id628099" />
                                <string>))</string>
                              </expression>
                            </text>
                          </attributes>
                        </behavior>
                        <behavior id="id891224" class="ConstrainAttributeBehavior" enabled="true">
                          <attributes>
                            <text id="name">Constrain Attribute</text>
                            <text id="bundleName">ConstrainAttribute.behavior</text>
                            <text id="targetAttribute">self.attributes.position.y</text>
                            <text id="RHS">
                              <expression>
                                <reference keypath="game.attributes.id628099" />
                                <string>+min(</string>
                                <reference keypath="game.attributes.id627103" />
                                <string>,magnitude(</string>
                                <reference keypath="game.devices.touches.touch5.x" />
                                <string>-</string>
                                <reference keypath="game.attributes.id699995" />
                                <string>,</string>
                                <reference keypath="game.devices.touches.touch5.y" />
                                <string>-</string>
                                <reference keypath="game.attributes.id628099" />
                                <string>))*sin(vectorToAngle(</string>
                                <reference keypath="game.devices.touches.touch5.x" />
                                <string>-</string>
                                <reference keypath="game.attributes.id699995" />
                                <string>,</string>
                                <reference keypath="game.devices.touches.touch5.y" />
                                <string>-</string>
                                <reference keypath="game.attributes.id628099" />
                                <string>))</string>
                              </expression>
                            </text>
                          </attributes>
                        </behavior>
                      </behaviors>
                      <elseBehaviors />
                    </behavior>
                  </behaviors>
                </behavior>
                <behavior id="id930280" class="RuleBehavior" enabled="true">
                  <attributes>
                    <text id="name">Rule: Set Touch Number If it is not already set</text>
                    <text id="bundleName">Rule.behavior</text>
                    <real id="compoundConditionKind">0</real>
                  </attributes>
                  <conditions>
                    <condition id="id533208" eventType="mouse button">
                      <attributes>
                        <index id="conditionType">1</index>
                        <text id="subjectAttribute">self.attributes.id234868</text>
                        <text id="name">default name</text>
                      </attributes>
                      <predicate type="number">
                        <attributes>
                          <text id="operator">=</text>
                          <real id="RHS">0</real>
                        </attributes>
                      </predicate>
                    </condition>
                  </conditions>
                  <behaviors>
                    <behavior id="id465543" class="CompoundBehavior" enabled="true">
                      <attributes>
                        <text id="name">Group: Set the touch number if it collides with the actor corresponding to that touch</text>
                        <text id="bundleName">Group.behavior</text>
                      </attributes>
                      <behaviors>
                        <behavior id="id394168" class="RuleBehavior" enabled="true">
                          <attributes>
                            <text id="name">Rule: Touch 1</text>
                            <text id="bundleName">Rule.behavior</text>
                            <real id="compoundConditionKind">0</real>
                          </attributes>
                          <conditions>
                            <condition id="id750813" eventType="overlaps or collides">
                              <attributes>
                                <index id="conditionType">0</index>
                                <text id="name">default name</text>
                              </attributes>
                              <predicate type="collision">
                                <attributes>
                                  <text id="prototypeKey">id373731</text>
                                  <text id="actorTag">Control</text>
                                  <real id="mode">0</real>
                                  <text id="name">default name</text>
                                </attributes>
                              </predicate>
                            </condition>
                          </conditions>
                          <behaviors>
                            <behavior id="id665777" class="ChangeAttributeAction" enabled="true">
                              <attributes>
                                <text id="name">Change Attribute</text>
                                <text id="bundleName">ChangeAttribute.behavior</text>
                                <text id="targetAttribute">self.attributes.id234868</text>
                                <text id="RHS">1</text>
                              </attributes>
                            </behavior>
                          </behaviors>
                          <elseBehaviors />
                        </behavior>
                        <behavior id="id493414" class="RuleBehavior" enabled="true">
                          <attributes>
                            <text id="name">Rule: Touch 2</text>
                            <text id="bundleName">Rule.behavior</text>
                            <real id="compoundConditionKind">0</real>
                          </attributes>
                          <conditions>
                            <condition id="id750813" eventType="overlaps or collides">
                              <attributes>
                                <index id="conditionType">0</index>
                                <text id="name">default name</text>
                              </attributes>
                              <predicate type="collision">
                                <attributes>
                                  <text id="prototypeKey">id991164</text>
                                  <text id="actorTag">Control</text>
                                  <real id="mode">0</real>
                                  <text id="name">default name</text>
                                </attributes>
                              </predicate>
                            </condition>
                          </conditions>
                          <behaviors>
                            <behavior id="id397606" class="ChangeAttributeAction" enabled="true">
                              <attributes>
                                <text id="name">Change Attribute</text>
                                <text id="bundleName">ChangeAttribute.behavior</text>
                                <text id="targetAttribute">self.attributes.id234868</text>
                                <text id="RHS">2</text>
                              </attributes>
                            </behavior>
                          </behaviors>
                          <elseBehaviors />
                        </behavior>
                        <behavior id="id815744" class="RuleBehavior" enabled="true">
                          <attributes>
                            <text id="name">Rule: Touch 3</text>
                            <text id="bundleName">Rule.behavior</text>
                            <real id="compoundConditionKind">0</real>
                          </attributes>
                          <conditions>
                            <condition id="id750813" eventType="overlaps or collides">
                              <attributes>
                                <index id="conditionType">0</index>
                                <text id="name">default name</text>
                              </attributes>
                              <predicate type="collision">
                                <attributes>
                                  <text id="prototypeKey">id342506</text>
                                  <text id="actorTag">Control</text>
                                  <real id="mode">0</real>
                                  <text id="name">default name</text>
                                </attributes>
                              </predicate>
                            </condition>
                          </conditions>
                          <behaviors>
                            <behavior id="id677341" class="ChangeAttributeAction" enabled="true">
                              <attributes>
                                <text id="name">Change Attribute</text>
                                <text id="bundleName">ChangeAttribute.behavior</text>
                                <text id="targetAttribute">self.attributes.id234868</text>
                                <text id="RHS">3</text>
                              </attributes>
                            </behavior>
                          </behaviors>
                          <elseBehaviors />
                        </behavior>
                        <behavior id="id225016" class="RuleBehavior" enabled="true">
                          <attributes>
                            <text id="name">Rule: Touch 4</text>
                            <text id="bundleName">Rule.behavior</text>
                            <real id="compoundConditionKind">0</real>
                          </attributes>
                          <conditions>
                            <condition id="id750813" eventType="overlaps or collides">
                              <attributes>
                                <index id="conditionType">0</index>
                                <text id="name">default name</text>
                              </attributes>
                              <predicate type="collision">
                                <attributes>
                                  <text id="prototypeKey">id468561</text>
                                  <text id="actorTag">Control</text>
                                  <real id="mode">0</real>
                                  <text id="name">default name</text>
                                </attributes>
                              </predicate>
                            </condition>
                          </conditions>
                          <behaviors>
                            <behavior id="id582755" class="ChangeAttributeAction" enabled="true">
                              <attributes>
                                <text id="name">Change Attribute</text>
                                <text id="bundleName">ChangeAttribute.behavior</text>
                                <text id="targetAttribute">self.attributes.id234868</text>
                                <text id="RHS">4</text>
                              </attributes>
                            </behavior>
                          </behaviors>
                          <elseBehaviors />
                        </behavior>
                        <behavior id="id654173" class="RuleBehavior" enabled="true">
                          <attributes>
                            <text id="name">Rule: Touch 5</text>
                            <text id="bundleName">Rule.behavior</text>
                            <real id="compoundConditionKind">0</real>
                          </attributes>
                          <conditions>
                            <condition id="id750813" eventType="overlaps or collides">
                              <attributes>
                                <index id="conditionType">0</index>
                                <text id="name">default name</text>
                              </attributes>
                              <predicate type="collision">
                                <attributes>
                                  <text id="prototypeKey">id340806</text>
                                  <text id="actorTag">Control</text>
                                  <real id="mode">0</real>
                                  <text id="name">default name</text>
                                </attributes>
                              </predicate>
                            </condition>
                          </conditions>
                          <behaviors>
                            <behavior id="id263835" class="ChangeAttributeAction" enabled="true">
                              <attributes>
                                <text id="name">Change Attribute</text>
                                <text id="bundleName">ChangeAttribute.behavior</text>
                                <text id="targetAttribute">self.attributes.id234868</text>
                                <text id="RHS">5</text>
                              </attributes>
                            </behavior>
                          </behaviors>
                          <elseBehaviors />
                        </behavior>
                      </behaviors>
                    </behavior>
                  </behaviors>
                  <elseBehaviors />
                </behavior>
              </behaviors>
              <elseBehaviors>
                <behavior id="id658959" class="ChangeAttributeAction" enabled="true">
                  <attributes>
                    <text id="name">Change Attribute</text>
                    <text id="bundleName">ChangeAttribute.behavior</text>
                    <text id="targetAttribute">self.attributes.position.x</text>
                    <text id="RHS">
                      <expression>
                        <reference keypath="game.attributes.id699995" />
                      </expression>
                    </text>
                  </attributes>
                </behavior>
                <behavior id="id333990" class="ChangeAttributeAction" enabled="true">
                  <attributes>
                    <text id="name">Change Attribute</text>
                    <text id="bundleName">ChangeAttribute.behavior</text>
                    <text id="targetAttribute">self.attributes.position.y</text>
                    <text id="RHS">
                      <expression>
                        <reference keypath="game.attributes.id628099" />
                      </expression>
                    </text>
                  </attributes>
                </behavior>
              </elseBehaviors>
            </behavior>
          </behaviors>
        </behavior>
      </behaviors>
      <elseBehaviors>
        <behavior id="id373824" class="ChangeAttributeAction" enabled="true">
          <attributes>
            <text id="name">Change Attribute</text>
            <text id="bundleName">ChangeAttribute.behavior</text>
            <text id="targetAttribute">game.attributes.id669834</text>
            <text id="RHS">true</text>
          </attributes>
        </behavior>
        <behavior id="id105086" class="ConstrainAttributeBehavior" enabled="true">
          <attributes>
            <text id="name">Constrain Attribute</text>
            <text id="bundleName">ConstrainAttribute.behavior</text>
            <text id="targetAttribute">self.attributes.position.x</text>
            <text id="RHS">
              <expression>
                <reference keypath="game.attributes.id699995" />
                <string>+</string>
                <reference keypath="game.attributes.id627103" />
                <string>*cos(vectorToAngle(</string>
                <reference keypath="self.attributes.id388670" />
                <string>,</string>
                <reference keypath="self.attributes.id783449" />
                <string>))</string>
              </expression>
            </text>
          </attributes>
        </behavior>
        <behavior id="id983996" class="ConstrainAttributeBehavior" enabled="true">
          <attributes>
            <text id="name">Constrain Attribute</text>
            <text id="bundleName">ConstrainAttribute.behavior</text>
            <text id="targetAttribute">self.attributes.position.y</text>
            <text id="RHS">
              <expression>
                <reference keypath="game.attributes.id628099" />
                <string>+</string>
                <reference keypath="game.attributes.id627103" />
                <string>*sin(vectorToAngle(</string>
                <reference keypath="self.attributes.id388670" />
                <string>,</string>
                <reference keypath="self.attributes.id783449" />
                <string>))</string>
              </expression>
            </text>
          </attributes>
        </behavior>
      </elseBehaviors>
    </behavior>
    <behavior id="id504980" class="RuleBehavior" enabled="true">
      <attributes>
        <text id="name">Rule - Toggle Visibility Based on Global Visibility Setting</text>
        <text id="bundleName">Rule.behavior</text>
        <real id="compoundConditionKind">0</real>
      </attributes>
      <conditions>
        <condition id="id778033" eventType="mouse button">
          <attributes>
            <index id="conditionType">1</index>
            <text id="subjectAttribute">game.attributes.id700593</text>
          </attributes>
          <predicate type="boolean">
            <attributes>
              <index id="RHS">1</index>
            </attributes>
          </predicate>
        </condition>
      </conditions>
      <behaviors>
        <behavior id="id315399" class="ChangeAttributeAction" enabled="true">
          <attributes>
            <text id="name">Change Attribute - Set Opacity to 100%</text>
            <text id="bundleName">ChangeAttribute.behavior</text>
            <text id="targetAttribute">self.attributes.color.alpha</text>
            <text id="RHS">1</text>
          </attributes>
        </behavior>
      </behaviors>
      <elseBehaviors>
        <behavior id="id870157" class="ChangeAttributeAction" enabled="true">
          <attributes>
            <text id="name">Change Attribute - Set Opacity to 0%</text>
            <text id="bundleName">ChangeAttribute.behavior</text>
            <text id="targetAttribute">self.attributes.color.alpha</text>
            <text id="RHS">0</text>
          </attributes>
        </behavior>
      </elseBehaviors>
    </behavior>
  </behaviors>
  <aspects>
    <graphics>
      <attributes>
        <boolean id="visible">true</boolean>
        <enumeration id="blendingMode">0</enumeration>
        <enumeration id="horizontalWrap">0</enumeration>
        <enumeration id="verticalWrap">0</enumeration>
        <enumeration id="horizontalAnchor">0</enumeration>
        <enumeration id="verticalAnchor">0</enumeration>
        <boolean id="flipHorizontally">false</boolean>
        <boolean id="flipVertically">false</boolean>
      </attributes>
    </graphics>
    <motion>
      <attributes>
        <point id="linearVelocity">
          <real id="x">0</real>
          <real id="y">0</real>
        </point>
        <real id="angularVelocity">0</real>
        <real id="maxSpeed">0</real>
        <boolean id="applyMaxSpeed">false</boolean>
      </attributes>
    </motion>
    <physics>
      <attributes>
        <real id="density">1</real>
        <real id="friction">3</real>
        <real id="restitution">1</real>
        <boolean id="fixedRotation">false</boolean>
        <boolean id="movable">true</boolean>
        <enumeration id="collisionShape">0</enumeration>
        <real id="drag">0</real>
        <real id="angularDrag">0</real>
      </attributes>
    </physics>
  </aspects>
</actor>