<?xml version="1.0" encoding="utf-8"?>
<actor id="id342506" PGFVersion="0.17" GSCVersion="0.9.91">
  <attributes>
    <text id="name">Touch 3</text>
    <real id="time">0</real>
    <point id="position">
      <real id="x">0</real>
      <real id="y">0</real>
    </point>
    <size id="size">
      <real id="width">2</real>
      <real id="height">2</real>
    </size>
    <angle id="rotation">0</angle>
    <color id="color">
      <real id="red">1</real>
      <real id="green">1</real>
      <real id="blue">1</real>
      <real id="alpha">1</real>
    </color>
    <image id="image" />
    <text id="tags">ControllerActors</text>
    <boolean id="preloadArt">true</boolean>
    <integer id="id162829" name="Controlled Stick">0</integer>
    <boolean id="id754895" name="Reset Touch">true</boolean>
  </attributes>
  <behaviors>
    <behavior id="id489477" class="NoteBehavior" enabled="true">
      <attributes>
        <text id="name">Note</text>
        <text id="bundleName">Note.behavior</text>
        <text id="note">This is one of five actors that NEED to be in the scene to allow the thumbsticks to determine which touch is controlling it. It is spawned by the ThumbstickBase actor.</text>
      </attributes>
    </behavior>
    <behavior id="id349303" class="RuleBehavior" enabled="true">
      <attributes>
        <text id="name">Rule: Reset the corresponding touch position values</text>
        <text id="bundleName">Rule.behavior</text>
        <real id="compoundConditionKind">0</real>
      </attributes>
      <conditions>
        <condition id="id966188" eventType="mouse button">
          <attributes>
            <index id="conditionType">1</index>
            <text id="subjectAttribute">self.attributes.id754895</text>
          </attributes>
          <predicate type="boolean">
            <attributes>
              <index id="RHS">1</index>
            </attributes>
          </predicate>
        </condition>
      </conditions>
      <behaviors>
        <behavior id="id441950" class="CompoundBehavior" enabled="true">
          <attributes>
            <text id="name">Group: Reset Position</text>
            <text id="bundleName">Group.behavior</text>
          </attributes>
          <behaviors>
            <behavior id="id695705" class="NoteBehavior" enabled="true">
              <attributes>
                <text id="name">Note</text>
                <text id="bundleName">Note.behavior</text>
                <text id="note">This sets the corresponding touch to a position outside of the available touch area
</text>
              </attributes>
            </behavior>
            <behavior id="id387768" class="ChangeAttributeAction" enabled="true">
              <attributes>
                <text id="name">Change Attribute</text>
                <text id="bundleName">ChangeAttribute.behavior</text>
                <text id="targetAttribute">game.devices.touches.touch3.x</text>
                <text id="RHS">-100</text>
              </attributes>
            </behavior>
            <behavior id="id930479" class="ChangeAttributeAction" enabled="true">
              <attributes>
                <text id="name">Change Attribute</text>
                <text id="bundleName">ChangeAttribute.behavior</text>
                <text id="targetAttribute">game.devices.touches.touch3.y</text>
                <text id="RHS">420</text>
              </attributes>
            </behavior>
          </behaviors>
        </behavior>
        <behavior id="id455720" class="ChangeAttributeAction" enabled="true">
          <attributes>
            <text id="name">Change Attribute</text>
            <text id="bundleName">ChangeAttribute.behavior</text>
            <text id="targetAttribute">self.attributes.id754895</text>
            <text id="RHS">false</text>
          </attributes>
        </behavior>
      </behaviors>
      <elseBehaviors />
    </behavior>
    <behavior id="id111885" class="CompoundBehavior" enabled="true">
      <attributes>
        <text id="name">Group: Constrain this actor's position to the corresponding touch</text>
        <text id="bundleName">Group.behavior</text>
      </attributes>
      <behaviors>
        <behavior id="id955508" class="ConstrainAttributeBehavior" enabled="true">
          <attributes>
            <text id="name">Constrain Attribute</text>
            <text id="bundleName">ConstrainAttribute.behavior</text>
            <text id="targetAttribute">self.attributes.position.x</text>
            <text id="RHS">
              <expression>
                <reference keypath="game.devices.touches.touch3.x" />
              </expression>
            </text>
          </attributes>
        </behavior>
        <behavior id="id232127" class="ConstrainAttributeBehavior" enabled="true">
          <attributes>
            <text id="name">Constrain Attribute</text>
            <text id="bundleName">ConstrainAttribute.behavior</text>
            <text id="targetAttribute">self.attributes.position.y</text>
            <text id="RHS">
              <expression>
                <reference keypath="game.devices.touches.touch3.y" />
              </expression>
            </text>
          </attributes>
        </behavior>
      </behaviors>
    </behavior>
    <behavior id="id912740" class="CompoundBehavior" enabled="true">
      <attributes>
        <text id="name">Group: Control Logic</text>
        <text id="bundleName">Group.behavior</text>
      </attributes>
      <behaviors>
        <behavior id="id641053" class="RuleBehavior" enabled="true">
          <attributes>
            <text id="name">Rule: Is Controlling Stick 1?</text>
            <text id="bundleName">Rule.behavior</text>
            <real id="compoundConditionKind">0</real>
          </attributes>
          <conditions>
            <condition id="id413222" eventType="overlaps or collides">
              <attributes>
                <index id="conditionType">0</index>
                <text id="name">default name</text>
              </attributes>
              <predicate type="collision">
                <attributes>
                  <text id="prototypeKey">id739261</text>
                  <text id="actorTag">Control</text>
                  <real id="mode">0</real>
                  <text id="name">default name</text>
                </attributes>
              </predicate>
            </condition>
            <condition id="id296225" eventType="mouse button">
              <attributes>
                <index id="conditionType">1</index>
                <text id="subjectAttribute">game.attributes.id669834</text>
              </attributes>
              <predicate type="boolean">
                <attributes>
                  <index id="RHS">1</index>
                </attributes>
              </predicate>
            </condition>
            <condition id="id942914" eventType="mouse button">
              <attributes>
                <index id="conditionType">1</index>
                <text id="subjectAttribute">self.attributes.id162829</text>
                <text id="name">default name</text>
              </attributes>
              <predicate type="number">
                <attributes>
                  <text id="operator">=</text>
                  <real id="RHS">0</real>
                </attributes>
              </predicate>
            </condition>
          </conditions>
          <behaviors>
            <behavior id="id690921" class="ChangeAttributeAction" enabled="true">
              <attributes>
                <text id="name">Change Attribute</text>
                <text id="bundleName">ChangeAttribute.behavior</text>
                <text id="targetAttribute">self.attributes.id162829</text>
                <text id="RHS">1</text>
              </attributes>
            </behavior>
          </behaviors>
          <elseBehaviors />
        </behavior>
        <behavior id="id878108" class="RuleBehavior" enabled="true">
          <attributes>
            <text id="name">Rule: Is Controlling Stick 2?</text>
            <text id="bundleName">Rule.behavior</text>
            <real id="compoundConditionKind">0</real>
          </attributes>
          <conditions>
            <condition id="id413222" eventType="overlaps or collides">
              <attributes>
                <index id="conditionType">0</index>
                <text id="name">default name</text>
              </attributes>
              <predicate type="collision">
                <attributes>
                  <text id="prototypeKey">id681150</text>
                  <text id="actorTag">Control</text>
                  <real id="mode">0</real>
                  <text id="name">default name</text>
                </attributes>
              </predicate>
            </condition>
            <condition id="id885883" eventType="mouse button">
              <attributes>
                <index id="conditionType">1</index>
                <text id="subjectAttribute">self.attributes.id162829</text>
                <text id="name">default name</text>
              </attributes>
              <predicate type="number">
                <attributes>
                  <text id="operator">=</text>
                  <real id="RHS">0</real>
                </attributes>
              </predicate>
            </condition>
            <condition id="id470118" eventType="mouse button">
              <attributes>
                <index id="conditionType">1</index>
                <text id="subjectAttribute">game.attributes.id404764</text>
              </attributes>
              <predicate type="boolean">
                <attributes>
                  <index id="RHS">1</index>
                </attributes>
              </predicate>
            </condition>
          </conditions>
          <behaviors>
            <behavior id="id690921" class="ChangeAttributeAction" enabled="true">
              <attributes>
                <text id="name">Change Attribute</text>
                <text id="bundleName">ChangeAttribute.behavior</text>
                <text id="targetAttribute">self.attributes.id162829</text>
                <text id="RHS">2</text>
              </attributes>
            </behavior>
          </behaviors>
          <elseBehaviors />
        </behavior>
        <behavior id="id771698" class="RuleBehavior" enabled="true">
          <attributes>
            <text id="name">Rule: Reset when 1 released</text>
            <text id="bundleName">Rule.behavior</text>
            <real id="compoundConditionKind">0</real>
          </attributes>
          <conditions>
            <condition id="id413222" eventType="overlaps or collides">
              <attributes>
                <index id="conditionType">1</index>
                <text id="subjectAttribute">self.attributes.id162829</text>
                <text id="name">default name</text>
              </attributes>
              <predicate type="number">
                <attributes>
                  <text id="operator">=</text>
                  <real id="RHS">1</real>
                </attributes>
              </predicate>
            </condition>
            <condition id="id855688" eventType="mouse button">
              <attributes>
                <index id="conditionType">1</index>
                <text id="subjectAttribute">game.attributes.id669834</text>
                <text id="name">default name</text>
              </attributes>
              <predicate type="boolean">
                <attributes>
                  <index id="RHS">0</index>
                </attributes>
              </predicate>
            </condition>
          </conditions>
          <behaviors>
            <behavior id="id298634" class="ChangeAttributeAction" enabled="true">
              <attributes>
                <text id="name">Change Attribute: Reset touch coordinates</text>
                <text id="bundleName">ChangeAttribute.behavior</text>
                <text id="targetAttribute">self.attributes.id754895</text>
                <text id="RHS">true</text>
              </attributes>
            </behavior>
            <behavior id="id981858" class="TimerBehavior" enabled="true">
              <attributes>
                <text id="name">Timer</text>
                <text id="bundleName">Timer.behavior</text>
                <index id="timerType">1</index>
                <real id="interval">0.1</real>
                <boolean id="runToCompletion">false</boolean>
              </attributes>
              <behaviors>
                <behavior id="id292105" class="ChangeAttributeAction" enabled="true">
                  <attributes>
                    <text id="name">Change Attribute</text>
                    <text id="bundleName">ChangeAttribute.behavior</text>
                    <text id="targetAttribute">self.attributes.id162829</text>
                    <text id="RHS">0</text>
                  </attributes>
                </behavior>
              </behaviors>
            </behavior>
          </behaviors>
          <elseBehaviors />
        </behavior>
        <behavior id="id643462" class="RuleBehavior" enabled="true">
          <attributes>
            <text id="name">Rule: Reset when 2 released</text>
            <text id="bundleName">Rule.behavior</text>
            <real id="compoundConditionKind">0</real>
          </attributes>
          <conditions>
            <condition id="id413222" eventType="overlaps or collides">
              <attributes>
                <index id="conditionType">1</index>
                <text id="subjectAttribute">self.attributes.id162829</text>
                <text id="name">default name</text>
              </attributes>
              <predicate type="number">
                <attributes>
                  <text id="operator">=</text>
                  <real id="RHS">2</real>
                </attributes>
              </predicate>
            </condition>
            <condition id="id855688" eventType="mouse button">
              <attributes>
                <index id="conditionType">1</index>
                <text id="subjectAttribute">game.attributes.id404764</text>
                <text id="name">default name</text>
              </attributes>
              <predicate type="boolean">
                <attributes>
                  <index id="RHS">0</index>
                </attributes>
              </predicate>
            </condition>
          </conditions>
          <behaviors>
            <behavior id="id455991" class="ChangeAttributeAction" enabled="true">
              <attributes>
                <text id="name">Change Attribute: Reset touch coordinates</text>
                <text id="bundleName">ChangeAttribute.behavior</text>
                <text id="targetAttribute">self.attributes.id754895</text>
                <text id="RHS">true</text>
              </attributes>
            </behavior>
            <behavior id="id981858" class="TimerBehavior" enabled="true">
              <attributes>
                <text id="name">Timer</text>
                <text id="bundleName">Timer.behavior</text>
                <index id="timerType">1</index>
                <real id="interval">0.1</real>
                <boolean id="runToCompletion">false</boolean>
              </attributes>
              <behaviors>
                <behavior id="id292105" class="ChangeAttributeAction" enabled="true">
                  <attributes>
                    <text id="name">Change Attribute</text>
                    <text id="bundleName">ChangeAttribute.behavior</text>
                    <text id="targetAttribute">self.attributes.id162829</text>
                    <text id="RHS">0</text>
                  </attributes>
                </behavior>
              </behaviors>
            </behavior>
          </behaviors>
          <elseBehaviors />
        </behavior>
      </behaviors>
    </behavior>
  </behaviors>
  <aspects>
    <graphics>
      <attributes>
        <boolean id="visible">false</boolean>
        <enumeration id="blendingMode">0</enumeration>
        <enumeration id="horizontalWrap">0</enumeration>
        <enumeration id="verticalWrap">0</enumeration>
        <enumeration id="horizontalAnchor">0</enumeration>
        <enumeration id="verticalAnchor">0</enumeration>
        <boolean id="flipHorizontally">false</boolean>
        <boolean id="flipVertically">false</boolean>
      </attributes>
    </graphics>
    <motion>
      <attributes>
        <point id="linearVelocity">
          <real id="x">0</real>
          <real id="y">0</real>
        </point>
        <real id="angularVelocity">0</real>
        <real id="maxSpeed">0</real>
        <boolean id="applyMaxSpeed">false</boolean>
      </attributes>
    </motion>
    <physics>
      <attributes>
        <real id="density">1</real>
        <real id="friction">3</real>
        <real id="restitution">1</real>
        <boolean id="fixedRotation">false</boolean>
        <boolean id="movable">true</boolean>
        <enumeration id="collisionShape">0</enumeration>
        <real id="drag">0</real>
        <real id="angularDrag">0</real>
      </attributes>
    </physics>
  </aspects>
</actor>