<?xml version="1.0" encoding="utf-8"?>
<actor id="id974449" PGFVersion="0.17" GSCVersion="0.9.91">
  <attributes>
    <text id="name">DPadBase</text>
    <real id="time">0</real>
    <point id="position">
      <real id="x">0</real>
      <real id="y">0</real>
    </point>
    <size id="size">
      <real id="width">128</real>
      <real id="height">128</real>
    </size>
    <angle id="rotation">0</angle>
    <color id="color">
      <real id="red">1</real>
      <real id="green">1</real>
      <real id="blue">1</real>
      <real id="alpha">1</real>
    </color>
    <image id="image">DPadBase1</image>
    <text id="tags">ControllerActors</text>
    <boolean id="preloadArt">true</boolean>
  </attributes>
  <behaviors>
    <behavior id="id156990" class="NoteBehavior" enabled="true">
      <attributes>
        <text id="name">Note</text>
        <text id="bundleName">Note.behavior</text>
        <text id="note">For optimized functionality, keep the width of this actor the same as the height.</text>
      </attributes>
    </behavior>
    <behavior id="id901067" class="CompoundBehavior" enabled="true">
      <attributes>
        <text id="name">Group: Initialization and Button Spawning</text>
        <text id="bundleName">Group.behavior</text>
      </attributes>
      <behaviors>
        <behavior id="id546141" class="ChangeAttributeAction" enabled="true">
          <attributes>
            <text id="name">Change Attribute - defines Game Logic for DPad radius</text>
            <text id="bundleName">ChangeAttribute.behavior</text>
            <text id="targetAttribute">game.attributes.id930721</text>
            <text id="RHS">
              <expression>
                <string>(</string>
                <reference keypath="self.attributes.size.width" />
                <string>/2)</string>
              </expression>
            </text>
          </attributes>
        </behavior>
        <behavior id="id504650" class="CompoundBehavior" enabled="true">
          <attributes>
            <text id="name">Group: Spawn Directional Buttons</text>
            <text id="bundleName">Group.behavior</text>
          </attributes>
          <behaviors>
            <behavior id="id619807" class="NoteBehavior" enabled="true">
              <attributes>
                <text id="name">Note</text>
                <text id="bundleName">Note.behavior</text>
                <text id="note">Below you will see a large list of spawned actors. One set of actors will detect touches of the different Dpad directions. The other set of actors will display the visible depressed state of the corresponding DPad directions.</text>
              </attributes>
            </behavior>
            <behavior id="id226450" class="SpawnAction" enabled="true">
              <attributes>
                <text id="name">Spawn Actor: Invisible Right Button Detector</text>
                <text id="bundleName">Spawn.behavior</text>
                <text id="prototypeKey">id306711</text>
                <angle id="direction">45</angle>
                <index id="directionSpace">0</index>
                <real id="x">
                  <expression>
                    <reference keypath="game.attributes.id930721" />
                    <string>*.75</string>
                  </expression>
                </real>
                <real id="y">0</real>
                <index id="positionSpace">0</index>
                <index id="layerOrder">0</index>
              </attributes>
            </behavior>
            <behavior id="id928935" class="SpawnAction" enabled="true">
              <attributes>
                <text id="name">Spawn Actor: Invisible Up Button Detector</text>
                <text id="bundleName">Spawn.behavior</text>
                <text id="prototypeKey">id306711</text>
                <angle id="direction">135</angle>
                <index id="directionSpace">0</index>
                <real id="x">0</real>
                <real id="y">
                  <expression>
                    <reference keypath="game.attributes.id930721" />
                    <string>*.75</string>
                  </expression>
                </real>
                <index id="positionSpace">0</index>
                <index id="layerOrder">0</index>
              </attributes>
            </behavior>
            <behavior id="id411651" class="SpawnAction" enabled="true">
              <attributes>
                <text id="name">Spawn Actor: Invisible Left Button Detector</text>
                <text id="bundleName">Spawn.behavior</text>
                <text id="prototypeKey">id306711</text>
                <angle id="direction">225</angle>
                <index id="directionSpace">0</index>
                <real id="x">
                  <expression>
                    <string>-</string>
                    <reference keypath="game.attributes.id930721" />
                    <string>*.75</string>
                  </expression>
                </real>
                <real id="y">0</real>
                <index id="positionSpace">0</index>
                <index id="layerOrder">0</index>
              </attributes>
            </behavior>
            <behavior id="id920605" class="SpawnAction" enabled="true">
              <attributes>
                <text id="name">Spawn Actor: Invisible Down Button Detector</text>
                <text id="bundleName">Spawn.behavior</text>
                <text id="prototypeKey">id306711</text>
                <angle id="direction">315</angle>
                <index id="directionSpace">0</index>
                <real id="x">0</real>
                <real id="y">
                  <expression>
                    <string>-</string>
                    <reference keypath="game.attributes.id930721" />
                    <string>*.75</string>
                  </expression>
                </real>
                <index id="positionSpace">0</index>
                <index id="layerOrder">0</index>
              </attributes>
            </behavior>
            <behavior id="id521794" class="SpawnAction" enabled="true">
              <attributes>
                <text id="name">Spawn Actor - Visible Down Press</text>
                <text id="bundleName">Spawn.behavior</text>
                <text id="prototypeKey">id155766</text>
                <angle id="direction">0</angle>
                <index id="directionSpace">0</index>
                <real id="x">0</real>
                <real id="y">0</real>
                <index id="positionSpace">0</index>
                <index id="layerOrder">0</index>
              </attributes>
            </behavior>
            <behavior id="id465061" class="SpawnAction" enabled="true">
              <attributes>
                <text id="name">Spawn Actor - Visible Left Press</text>
                <text id="bundleName">Spawn.behavior</text>
                <text id="prototypeKey">id216419</text>
                <angle id="direction">0</angle>
                <index id="directionSpace">0</index>
                <real id="x">0</real>
                <real id="y">0</real>
                <index id="positionSpace">0</index>
                <index id="layerOrder">0</index>
              </attributes>
            </behavior>
            <behavior id="id395827" class="SpawnAction" enabled="true">
              <attributes>
                <text id="name">Spawn Actor - Visible Right Press</text>
                <text id="bundleName">Spawn.behavior</text>
                <text id="prototypeKey">id365931</text>
                <angle id="direction">0</angle>
                <index id="directionSpace">0</index>
                <real id="x">0</real>
                <real id="y">0</real>
                <index id="positionSpace">0</index>
                <index id="layerOrder">0</index>
              </attributes>
            </behavior>
            <behavior id="id325138" class="SpawnAction" enabled="true">
              <attributes>
                <text id="name">Spawn Actor - Visible Up Press</text>
                <text id="bundleName">Spawn.behavior</text>
                <text id="prototypeKey">id313783</text>
                <angle id="direction">0</angle>
                <index id="directionSpace">0</index>
                <real id="x">0</real>
                <real id="y">0</real>
                <index id="positionSpace">0</index>
                <index id="layerOrder">0</index>
              </attributes>
            </behavior>
          </behaviors>
        </behavior>
      </behaviors>
    </behavior>
    <behavior id="id488715" class="RuleBehavior" enabled="true">
      <attributes>
        <text id="name">Rule - DPad Base Graphics and Logic</text>
        <text id="bundleName">Rule.behavior</text>
        <real id="compoundConditionKind">0</real>
      </attributes>
      <conditions>
        <condition id="id652221" eventType="mouse button">
          <attributes>
            <index id="conditionType">1</index>
            <text id="subjectAttribute">game.attributes.id373683</text>
          </attributes>
          <predicate type="boolean">
            <attributes>
              <index id="RHS">1</index>
            </attributes>
          </predicate>
        </condition>
      </conditions>
      <behaviors>
        <behavior id="id165405" class="ChangeImageAction" enabled="true">
          <attributes>
            <text id="name">Change Image - Active State of DPad</text>
            <text id="bundleName">ChangeImage.behavior</text>
            <image id="image">DPadBase1</image>
          </attributes>
        </behavior>
        <behavior id="id911830" class="RuleBehavior" enabled="true">
          <attributes>
            <text id="name">Rule </text>
            <text id="bundleName">Rule.behavior</text>
            <real id="compoundConditionKind">0</real>
          </attributes>
          <conditions>
            <condition id="id346695" eventType="mouse button">
              <attributes>
                <index id="conditionType">1</index>
                <text id="subjectAttribute">game.attributes.id700593</text>
              </attributes>
              <predicate type="boolean">
                <attributes>
                  <index id="RHS">1</index>
                </attributes>
              </predicate>
            </condition>
          </conditions>
          <behaviors>
            <behavior id="id542183" class="RuleBehavior" enabled="true">
              <attributes>
                <text id="name">Rule - Touch Behaviors</text>
                <text id="bundleName">Rule.behavior</text>
                <real id="compoundConditionKind">0</real>
              </attributes>
              <conditions>
                <condition id="id500267" eventType="touch">
                  <attributes>
                    <index id="conditionType">0</index>
                  </attributes>
                  <predicate type="touch" conditionType="inside">
                    <attributes />
                  </predicate>
                </condition>
              </conditions>
              <behaviors>
                <behavior id="id901067" class="ChangeAttributeAction" enabled="true">
                  <attributes>
                    <text id="name">Change Attribute - Tells Game Logic that DPad is touched</text>
                    <text id="bundleName">ChangeAttribute.behavior</text>
                    <text id="targetAttribute">game.attributes.id297243</text>
                    <text id="RHS">true</text>
                  </attributes>
                </behavior>
              </behaviors>
              <elseBehaviors>
                <behavior id="id504650" class="ChangeAttributeAction" enabled="true">
                  <attributes>
                    <text id="name">Change Attribute - Tells Game Logic that DPad is not touched</text>
                    <text id="bundleName">ChangeAttribute.behavior</text>
                    <text id="targetAttribute">game.attributes.id297243</text>
                    <text id="RHS">false</text>
                  </attributes>
                </behavior>
              </elseBehaviors>
            </behavior>
          </behaviors>
          <elseBehaviors />
        </behavior>
      </behaviors>
      <elseBehaviors>
        <behavior id="id470359" class="ChangeImageAction" enabled="true">
          <attributes>
            <text id="name">Change Image - Inactive State of the DPad</text>
            <text id="bundleName">ChangeImage.behavior</text>
            <image id="image">DPadBase2</image>
          </attributes>
        </behavior>
      </elseBehaviors>
    </behavior>
    <behavior id="id405891" class="RuleBehavior" enabled="true">
      <attributes>
        <text id="name">Rule - Toggle Visibility Based on Global Visibility Setting</text>
        <text id="bundleName">Rule.behavior</text>
        <real id="compoundConditionKind">0</real>
      </attributes>
      <conditions>
        <condition id="id778033" eventType="mouse button">
          <attributes>
            <index id="conditionType">1</index>
            <text id="subjectAttribute">game.attributes.id700593</text>
          </attributes>
          <predicate type="boolean">
            <attributes>
              <index id="RHS">1</index>
            </attributes>
          </predicate>
        </condition>
      </conditions>
      <behaviors>
        <behavior id="id315399" class="ChangeAttributeAction" enabled="true">
          <attributes>
            <text id="name">Change Attribute - Set Opacity to 100%</text>
            <text id="bundleName">ChangeAttribute.behavior</text>
            <text id="targetAttribute">self.attributes.color.alpha</text>
            <text id="RHS">1</text>
          </attributes>
        </behavior>
      </behaviors>
      <elseBehaviors>
        <behavior id="id870157" class="ChangeAttributeAction" enabled="true">
          <attributes>
            <text id="name">Change Attribute - Set Opacity to 0%</text>
            <text id="bundleName">ChangeAttribute.behavior</text>
            <text id="targetAttribute">self.attributes.color.alpha</text>
            <text id="RHS">0</text>
          </attributes>
        </behavior>
      </elseBehaviors>
    </behavior>
  </behaviors>
  <aspects>
    <graphics>
      <attributes>
        <boolean id="visible">true</boolean>
        <enumeration id="blendingMode">0</enumeration>
        <enumeration id="horizontalWrap">0</enumeration>
        <enumeration id="verticalWrap">0</enumeration>
        <enumeration id="horizontalAnchor">0</enumeration>
        <enumeration id="verticalAnchor">0</enumeration>
        <boolean id="flipHorizontally">false</boolean>
        <boolean id="flipVertically">false</boolean>
      </attributes>
    </graphics>
    <motion>
      <attributes>
        <point id="linearVelocity">
          <real id="x">0</real>
          <real id="y">0</real>
        </point>
        <real id="angularVelocity">0</real>
        <real id="maxSpeed">0</real>
        <boolean id="applyMaxSpeed">false</boolean>
      </attributes>
    </motion>
    <physics>
      <attributes>
        <real id="density">1</real>
        <real id="friction">3</real>
        <real id="restitution">1</real>
        <boolean id="fixedRotation">true</boolean>
        <boolean id="movable">false</boolean>
        <enumeration id="collisionShape">1</enumeration>
        <real id="drag">0</real>
        <real id="angularDrag">0</real>
      </attributes>
    </physics>
  </aspects>
</actor>