<?xml version="1.0" encoding="utf-8"?>
<actor id="id694649" PGFVersion="0.17" GSCVersion="0.9.91">
  <attributes>
    <text id="name">SkyWardA</text>
    <real id="time">0</real>
    <point id="position">
      <real id="x">0</real>
      <real id="y">0</real>
    </point>
    <size id="size">
      <real id="width">100</real>
      <real id="height">60</real>
    </size>
    <angle id="rotation">0</angle>
    <color id="color">
      <real id="red">1</real>
      <real id="green">1</real>
      <real id="blue">1</real>
      <real id="alpha">1</real>
    </color>
    <image id="image">SkyWard</image>
    <text id="tags">DemoActors</text>
    <boolean id="preloadArt">true</boolean>
    <real id="id984477" name="Max Speed">200</real>
  </attributes>
  <behaviors>
    <behavior id="id940705" class="NoteBehavior" enabled="true">
      <attributes>
        <text id="name">Note</text>
        <text id="bundleName">Note.behavior</text>
        <text id="note">The speed of the actor can be changed by setting the Self Attribute in the left window named "MaxSpeed".</text>
      </attributes>
    </behavior>
    <behavior id="id123253" class="CompoundBehavior" enabled="true">
      <attributes>
        <text id="name">Analog Style Movement Control Based on Thumbstick 1 Logic</text>
        <text id="bundleName">Group.behavior</text>
      </attributes>
      <behaviors>
        <behavior id="id364898" class="MoveBehavior" enabled="true">
          <attributes>
            <text id="name">Move</text>
            <text id="bundleName">Move.behavior</text>
            <angle id="direction">
              <expression>
                <reference keypath="game.attributes.id343851" />
              </expression>
            </angle>
            <index id="space">0</index>
            <index id="moveType">0</index>
            <real id="speed">
              <expression>
                <reference keypath="self.attributes.id984477" />
                <string>*</string>
                <reference keypath="game.attributes.id737732" />
                <string>/</string>
                <reference keypath="game.attributes.id627103" />
              </expression>
            </real>
            <boolean id="haltWhenBehaviorStops">true</boolean>
          </attributes>
        </behavior>
      </behaviors>
    </behavior>
    <behavior id="id320875" class="RuleBehavior" enabled="true">
      <attributes>
        <text id="name">Projectile 1 Fired - Button 1 is pressed</text>
        <text id="bundleName">Rule.behavior</text>
        <real id="compoundConditionKind">0</real>
      </attributes>
      <conditions>
        <condition id="id966390" eventType="mouse button">
          <attributes>
            <index id="conditionType">1</index>
            <text id="subjectAttribute">game.attributes.id288229</text>
          </attributes>
          <predicate type="boolean">
            <attributes>
              <index id="RHS">1</index>
            </attributes>
          </predicate>
        </condition>
      </conditions>
      <behaviors>
        <behavior id="id172552" class="SpawnAction" enabled="true">
          <attributes>
            <text id="name">Spawn Actor</text>
            <text id="bundleName">Spawn.behavior</text>
            <text id="prototypeKey">id451427</text>
            <angle id="direction">0</angle>
            <index id="directionSpace">0</index>
            <real id="x">
              <expression>
                <reference keypath="self.attributes.size.width" />
                <string>/2</string>
              </expression>
            </real>
            <real id="y">0</real>
            <index id="positionSpace">0</index>
            <index id="layerOrder">1</index>
          </attributes>
        </behavior>
      </behaviors>
      <elseBehaviors />
    </behavior>
    <behavior id="id758202" class="RuleBehavior" enabled="true">
      <attributes>
        <text id="name">Projectile 2 fired - Button 2 is pressed</text>
        <text id="bundleName">Rule.behavior</text>
        <real id="compoundConditionKind">0</real>
      </attributes>
      <conditions>
        <condition id="id966390" eventType="mouse button">
          <attributes>
            <index id="conditionType">1</index>
            <text id="subjectAttribute">game.attributes.id173134</text>
          </attributes>
          <predicate type="boolean">
            <attributes>
              <index id="RHS">1</index>
            </attributes>
          </predicate>
        </condition>
      </conditions>
      <behaviors>
        <behavior id="id172552" class="SpawnAction" enabled="true">
          <attributes>
            <text id="name">Spawn Actor</text>
            <text id="bundleName">Spawn.behavior</text>
            <text id="prototypeKey">id222069</text>
            <angle id="direction">0</angle>
            <index id="directionSpace">0</index>
            <real id="x">
              <expression>
                <reference keypath="self.attributes.size.width" />
                <string>/2</string>
              </expression>
            </real>
            <real id="y">0</real>
            <index id="positionSpace">0</index>
            <index id="layerOrder">1</index>
          </attributes>
        </behavior>
      </behaviors>
      <elseBehaviors />
    </behavior>
  </behaviors>
  <aspects>
    <graphics>
      <attributes>
        <boolean id="visible">true</boolean>
        <enumeration id="blendingMode">0</enumeration>
        <enumeration id="horizontalWrap">0</enumeration>
        <enumeration id="verticalWrap">0</enumeration>
        <enumeration id="horizontalAnchor">0</enumeration>
        <enumeration id="verticalAnchor">0</enumeration>
        <boolean id="flipHorizontally">false</boolean>
        <boolean id="flipVertically">false</boolean>
      </attributes>
    </graphics>
    <motion>
      <attributes>
        <point id="linearVelocity">
          <real id="x">0</real>
          <real id="y">0</real>
        </point>
        <real id="angularVelocity">0</real>
        <real id="maxSpeed">0</real>
        <boolean id="applyMaxSpeed">false</boolean>
      </attributes>
    </motion>
    <physics>
      <attributes>
        <real id="density">1</real>
        <real id="friction">3</real>
        <real id="restitution">1</real>
        <boolean id="fixedRotation">false</boolean>
        <boolean id="movable">true</boolean>
        <enumeration id="collisionShape">0</enumeration>
        <real id="drag">0</real>
        <real id="angularDrag">0</real>
      </attributes>
    </physics>
  </aspects>
</actor>