<?xml version="1.0" encoding="utf-8"?>
<actor id="id306711" PGFVersion="0.17" GSCVersion="0.9.91">
  <attributes>
    <text id="name">DirectionalTouch</text>
    <real id="time">0</real>
    <point id="position">
      <real id="x">0</real>
      <real id="y">0</real>
    </point>
    <size id="size">
      <real id="width">100</real>
      <real id="height">100</real>
    </size>
    <angle id="rotation">0</angle>
    <color id="color">
      <real id="red">0.449819</real>
      <real id="green">0.332305</real>
      <real id="blue">1</real>
      <real id="alpha">0.8</real>
    </color>
    <image id="image" />
    <text id="tags">ControllerActors</text>
    <boolean id="preloadArt">true</boolean>
  </attributes>
  <behaviors>
    <behavior id="id562124" class="NoteBehavior" enabled="true">
      <attributes>
        <text id="name">Note</text>
        <text id="bundleName">Note.behavior</text>
        <text id="note">This is the directional button that needs to be touched to determine where the DPad Base is being pressed.

This button is spawned by the DPad Base in a specific position and is only activated if the directional button is pressed as well.</text>
      </attributes>
    </behavior>
    <behavior id="id570114" class="CompoundBehavior" enabled="true">
      <attributes>
        <text id="name">Group: Dynamic Button Resizing based on DPad Size</text>
        <text id="bundleName">Group.behavior</text>
      </attributes>
      <behaviors>
        <behavior id="id212880" class="ChangeAttributeAction" enabled="true">
          <attributes>
            <text id="name">Change Attribute</text>
            <text id="bundleName">ChangeAttribute.behavior</text>
            <text id="targetAttribute">self.attributes.size.width</text>
            <text id="RHS">
              <expression>
                <reference keypath="game.attributes.id930721" />
              </expression>
            </text>
          </attributes>
        </behavior>
        <behavior id="id979328" class="ChangeAttributeAction" enabled="true">
          <attributes>
            <text id="name">Change Attribute</text>
            <text id="bundleName">ChangeAttribute.behavior</text>
            <text id="targetAttribute">self.attributes.size.height</text>
            <text id="RHS">
              <expression>
                <reference keypath="game.attributes.id930721" />
              </expression>
            </text>
          </attributes>
        </behavior>
      </behaviors>
    </behavior>
    <behavior id="id673309" class="RuleBehavior" enabled="true">
      <attributes>
        <text id="name">Rule: Right Button Logic</text>
        <text id="bundleName">Rule.behavior</text>
        <real id="compoundConditionKind">0</real>
      </attributes>
      <conditions>
        <condition id="id211941" eventType="mouse button">
          <attributes>
            <index id="conditionType">1</index>
            <text id="subjectAttribute">self.attributes.rotation</text>
          </attributes>
          <predicate type="number">
            <attributes>
              <text id="operator">=</text>
              <real id="RHS">45</real>
            </attributes>
          </predicate>
        </condition>
      </conditions>
      <behaviors>
        <behavior id="id773447" class="NoteBehavior" enabled="true">
          <attributes>
            <text id="name">Note</text>
            <text id="bundleName">Note.behavior</text>
            <text id="note">By default KEYBOARD control for the right button is mapped to the RIGHT ARROW. 

You can change this to your specification in the Rule condition below.</text>
          </attributes>
        </behavior>
        <behavior id="id853607" class="RuleBehavior" enabled="true">
          <attributes>
            <text id="name">Rule</text>
            <text id="bundleName">Rule.behavior</text>
            <real id="compoundConditionKind">1</real>
          </attributes>
          <conditions>
            <condition id="id816692" eventType="touch">
              <attributes>
                <index id="conditionType">0</index>
              </attributes>
              <predicate type="touch" conditionType="inside">
                <attributes />
              </predicate>
            </condition>
            <condition id="id479714" eventType="key">
              <attributes>
                <index id="conditionType">0</index>
              </attributes>
              <predicate type="key">
                <attributes>
                  <text id="mode">down</text>
                  <text id="keyString">right</text>
                </attributes>
              </predicate>
            </condition>
          </conditions>
          <behaviors>
            <behavior id="id614543" class="RuleBehavior" enabled="true">
              <attributes>
                <text id="name">Rule</text>
                <text id="bundleName">Rule.behavior</text>
                <real id="compoundConditionKind">0</real>
              </attributes>
              <conditions>
                <condition id="id818552" eventType="mouse button">
                  <attributes>
                    <index id="conditionType">1</index>
                    <text id="subjectAttribute">game.attributes.id297243</text>
                  </attributes>
                  <predicate type="boolean">
                    <attributes>
                      <index id="RHS">1</index>
                    </attributes>
                  </predicate>
                </condition>
              </conditions>
              <behaviors>
                <behavior id="id834976" class="ChangeAttributeAction" enabled="true">
                  <attributes>
                    <text id="name">Change Attribute</text>
                    <text id="bundleName">ChangeAttribute.behavior</text>
                    <text id="targetAttribute">game.attributes.id468037</text>
                    <text id="RHS">true</text>
                  </attributes>
                </behavior>
              </behaviors>
              <elseBehaviors>
                <behavior id="id945427" class="ChangeAttributeAction" enabled="true">
                  <attributes>
                    <text id="name">Change Attribute</text>
                    <text id="bundleName">ChangeAttribute.behavior</text>
                    <text id="targetAttribute">game.attributes.id468037</text>
                    <text id="RHS">false</text>
                  </attributes>
                </behavior>
              </elseBehaviors>
            </behavior>
          </behaviors>
          <elseBehaviors>
            <behavior id="id241499" class="ChangeAttributeAction" enabled="true">
              <attributes>
                <text id="name">Change Attribute</text>
                <text id="bundleName">ChangeAttribute.behavior</text>
                <text id="targetAttribute">game.attributes.id468037</text>
                <text id="RHS">false</text>
              </attributes>
            </behavior>
          </elseBehaviors>
        </behavior>
      </behaviors>
      <elseBehaviors />
    </behavior>
    <behavior id="id244439" class="RuleBehavior" enabled="true">
      <attributes>
        <text id="name">Rule: Up Button Logic</text>
        <text id="bundleName">Rule.behavior</text>
        <real id="compoundConditionKind">0</real>
      </attributes>
      <conditions>
        <condition id="id211941" eventType="mouse button">
          <attributes>
            <index id="conditionType">1</index>
            <text id="subjectAttribute">self.attributes.rotation</text>
          </attributes>
          <predicate type="number">
            <attributes>
              <text id="operator">=</text>
              <real id="RHS">135</real>
            </attributes>
          </predicate>
        </condition>
      </conditions>
      <behaviors>
        <behavior id="id642951" class="NoteBehavior" enabled="true">
          <attributes>
            <text id="name">Note</text>
            <text id="bundleName">Note.behavior</text>
            <text id="note">By default KEYBOARD control for the up button is mapped to the UP ARROW. 

You can change this to your specification in the Rule condition below.</text>
          </attributes>
        </behavior>
        <behavior id="id853607" class="RuleBehavior" enabled="true">
          <attributes>
            <text id="name">Rule</text>
            <text id="bundleName">Rule.behavior</text>
            <real id="compoundConditionKind">1</real>
          </attributes>
          <conditions>
            <condition id="id816692" eventType="touch">
              <attributes>
                <index id="conditionType">0</index>
              </attributes>
              <predicate type="touch" conditionType="inside">
                <attributes />
              </predicate>
            </condition>
            <condition id="id479714" eventType="key">
              <attributes>
                <index id="conditionType">0</index>
              </attributes>
              <predicate type="key">
                <attributes>
                  <text id="mode">down</text>
                  <text id="keyString">up</text>
                </attributes>
              </predicate>
            </condition>
          </conditions>
          <behaviors>
            <behavior id="id607429" class="RuleBehavior" enabled="true">
              <attributes>
                <text id="name">Rule</text>
                <text id="bundleName">Rule.behavior</text>
                <real id="compoundConditionKind">0</real>
              </attributes>
              <conditions>
                <condition id="id104207" eventType="mouse button">
                  <attributes>
                    <index id="conditionType">1</index>
                    <text id="subjectAttribute">game.attributes.id297243</text>
                  </attributes>
                  <predicate type="boolean">
                    <attributes>
                      <index id="RHS">1</index>
                    </attributes>
                  </predicate>
                </condition>
              </conditions>
              <behaviors>
                <behavior id="id964894" class="ChangeAttributeAction" enabled="true">
                  <attributes>
                    <text id="name">Change Attribute</text>
                    <text id="bundleName">ChangeAttribute.behavior</text>
                    <text id="targetAttribute">game.attributes.id901403</text>
                    <text id="RHS">true</text>
                  </attributes>
                </behavior>
              </behaviors>
              <elseBehaviors>
                <behavior id="id258259" class="ChangeAttributeAction" enabled="true">
                  <attributes>
                    <text id="name">Change Attribute</text>
                    <text id="bundleName">ChangeAttribute.behavior</text>
                    <text id="targetAttribute">game.attributes.id901403</text>
                    <text id="RHS">false</text>
                  </attributes>
                </behavior>
              </elseBehaviors>
            </behavior>
          </behaviors>
          <elseBehaviors>
            <behavior id="id241499" class="ChangeAttributeAction" enabled="true">
              <attributes>
                <text id="name">Change Attribute</text>
                <text id="bundleName">ChangeAttribute.behavior</text>
                <text id="targetAttribute">game.attributes.id901403</text>
                <text id="RHS">false</text>
              </attributes>
            </behavior>
          </elseBehaviors>
        </behavior>
      </behaviors>
      <elseBehaviors />
    </behavior>
    <behavior id="id634582" class="RuleBehavior" enabled="true">
      <attributes>
        <text id="name">Rule: Left Button Logic</text>
        <text id="bundleName">Rule.behavior</text>
        <real id="compoundConditionKind">0</real>
      </attributes>
      <conditions>
        <condition id="id211941" eventType="mouse button">
          <attributes>
            <index id="conditionType">1</index>
            <text id="subjectAttribute">self.attributes.rotation</text>
          </attributes>
          <predicate type="number">
            <attributes>
              <text id="operator">=</text>
              <real id="RHS">225</real>
            </attributes>
          </predicate>
        </condition>
      </conditions>
      <behaviors>
        <behavior id="id275868" class="NoteBehavior" enabled="true">
          <attributes>
            <text id="name">Note</text>
            <text id="bundleName">Note.behavior</text>
            <text id="note">By default KEYBOARD control for the left button is mapped to the LEFT ARROW. 

You can change this to your specification in the Rule condition below.</text>
          </attributes>
        </behavior>
        <behavior id="id853607" class="RuleBehavior" enabled="true">
          <attributes>
            <text id="name">Rule</text>
            <text id="bundleName">Rule.behavior</text>
            <real id="compoundConditionKind">1</real>
          </attributes>
          <conditions>
            <condition id="id816692" eventType="touch">
              <attributes>
                <index id="conditionType">0</index>
              </attributes>
              <predicate type="touch" conditionType="inside">
                <attributes />
              </predicate>
            </condition>
            <condition id="id479714" eventType="key">
              <attributes>
                <index id="conditionType">0</index>
              </attributes>
              <predicate type="key">
                <attributes>
                  <text id="mode">down</text>
                  <text id="keyString">left</text>
                </attributes>
              </predicate>
            </condition>
          </conditions>
          <behaviors>
            <behavior id="id665100" class="RuleBehavior" enabled="true">
              <attributes>
                <text id="name">Rule</text>
                <text id="bundleName">Rule.behavior</text>
                <real id="compoundConditionKind">0</real>
              </attributes>
              <conditions>
                <condition id="id133876" eventType="mouse button">
                  <attributes>
                    <index id="conditionType">1</index>
                    <text id="subjectAttribute">game.attributes.id297243</text>
                  </attributes>
                  <predicate type="boolean">
                    <attributes>
                      <index id="RHS">1</index>
                    </attributes>
                  </predicate>
                </condition>
              </conditions>
              <behaviors>
                <behavior id="id936157" class="ChangeAttributeAction" enabled="true">
                  <attributes>
                    <text id="name">Change Attribute</text>
                    <text id="bundleName">ChangeAttribute.behavior</text>
                    <text id="targetAttribute">game.attributes.id531199</text>
                    <text id="RHS">true</text>
                  </attributes>
                </behavior>
              </behaviors>
              <elseBehaviors>
                <behavior id="id540325" class="ChangeAttributeAction" enabled="true">
                  <attributes>
                    <text id="name">Change Attribute</text>
                    <text id="bundleName">ChangeAttribute.behavior</text>
                    <text id="targetAttribute">game.attributes.id531199</text>
                    <text id="RHS">false</text>
                  </attributes>
                </behavior>
              </elseBehaviors>
            </behavior>
          </behaviors>
          <elseBehaviors>
            <behavior id="id241499" class="ChangeAttributeAction" enabled="true">
              <attributes>
                <text id="name">Change Attribute</text>
                <text id="bundleName">ChangeAttribute.behavior</text>
                <text id="targetAttribute">game.attributes.id531199</text>
                <text id="RHS">false</text>
              </attributes>
            </behavior>
          </elseBehaviors>
        </behavior>
      </behaviors>
      <elseBehaviors />
    </behavior>
    <behavior id="id465583" class="RuleBehavior" enabled="true">
      <attributes>
        <text id="name">Rule: Down Button Logic</text>
        <text id="bundleName">Rule.behavior</text>
        <real id="compoundConditionKind">0</real>
      </attributes>
      <conditions>
        <condition id="id211941" eventType="mouse button">
          <attributes>
            <index id="conditionType">1</index>
            <text id="subjectAttribute">self.attributes.rotation</text>
          </attributes>
          <predicate type="number">
            <attributes>
              <text id="operator">=</text>
              <real id="RHS">315</real>
            </attributes>
          </predicate>
        </condition>
      </conditions>
      <behaviors>
        <behavior id="id380678" class="NoteBehavior" enabled="true">
          <attributes>
            <text id="name">Note</text>
            <text id="bundleName">Note.behavior</text>
            <text id="note">By default KEYBOARD control for the down button is mapped to the DOWN ARROW. 

You can change this to your specification in the Rule condition below.</text>
          </attributes>
        </behavior>
        <behavior id="id853607" class="RuleBehavior" enabled="true">
          <attributes>
            <text id="name">Rule</text>
            <text id="bundleName">Rule.behavior</text>
            <real id="compoundConditionKind">1</real>
          </attributes>
          <conditions>
            <condition id="id816692" eventType="touch">
              <attributes>
                <index id="conditionType">0</index>
              </attributes>
              <predicate type="touch" conditionType="inside">
                <attributes />
              </predicate>
            </condition>
            <condition id="id479714" eventType="key">
              <attributes>
                <index id="conditionType">0</index>
              </attributes>
              <predicate type="key">
                <attributes>
                  <text id="mode">down</text>
                  <text id="keyString">down</text>
                </attributes>
              </predicate>
            </condition>
          </conditions>
          <behaviors>
            <behavior id="id412757" class="RuleBehavior" enabled="true">
              <attributes>
                <text id="name">Rule</text>
                <text id="bundleName">Rule.behavior</text>
                <real id="compoundConditionKind">0</real>
              </attributes>
              <conditions>
                <condition id="id158012" eventType="mouse button">
                  <attributes>
                    <index id="conditionType">1</index>
                    <text id="subjectAttribute">game.attributes.id297243</text>
                  </attributes>
                  <predicate type="boolean">
                    <attributes>
                      <index id="RHS">1</index>
                    </attributes>
                  </predicate>
                </condition>
              </conditions>
              <behaviors>
                <behavior id="id617020" class="ChangeAttributeAction" enabled="true">
                  <attributes>
                    <text id="name">Change Attribute</text>
                    <text id="bundleName">ChangeAttribute.behavior</text>
                    <text id="targetAttribute">game.attributes.id790869</text>
                    <text id="RHS">true</text>
                  </attributes>
                </behavior>
              </behaviors>
              <elseBehaviors>
                <behavior id="id817125" class="ChangeAttributeAction" enabled="true">
                  <attributes>
                    <text id="name">Change Attribute</text>
                    <text id="bundleName">ChangeAttribute.behavior</text>
                    <text id="targetAttribute">game.attributes.id790869</text>
                    <text id="RHS">false</text>
                  </attributes>
                </behavior>
              </elseBehaviors>
            </behavior>
          </behaviors>
          <elseBehaviors>
            <behavior id="id241499" class="ChangeAttributeAction" enabled="true">
              <attributes>
                <text id="name">Change Attribute</text>
                <text id="bundleName">ChangeAttribute.behavior</text>
                <text id="targetAttribute">game.attributes.id790869</text>
                <text id="RHS">false</text>
              </attributes>
            </behavior>
          </elseBehaviors>
        </behavior>
      </behaviors>
      <elseBehaviors />
    </behavior>
    <behavior id="id467207" class="RuleBehavior" enabled="true">
      <attributes>
        <text id="name">Rule: Keyboard Activation</text>
        <text id="bundleName">Rule.behavior</text>
        <real id="compoundConditionKind">0</real>
      </attributes>
      <conditions>
        <condition id="id967785" eventType="key">
          <attributes>
            <index id="conditionType">0</index>
          </attributes>
          <predicate type="key">
            <attributes>
              <text id="mode">up</text>
              <text id="keyString">up</text>
            </attributes>
          </predicate>
        </condition>
        <condition id="id463956" eventType="key">
          <attributes>
            <index id="conditionType">0</index>
          </attributes>
          <predicate type="key">
            <attributes>
              <text id="mode">up</text>
              <text id="keyString">down</text>
            </attributes>
          </predicate>
        </condition>
        <condition id="id714842" eventType="key">
          <attributes>
            <index id="conditionType">0</index>
          </attributes>
          <predicate type="key">
            <attributes>
              <text id="mode">up</text>
              <text id="keyString">left</text>
            </attributes>
          </predicate>
        </condition>
        <condition id="id946143" eventType="key">
          <attributes>
            <index id="conditionType">0</index>
          </attributes>
          <predicate type="key">
            <attributes>
              <text id="mode">up</text>
              <text id="keyString">right</text>
            </attributes>
          </predicate>
        </condition>
      </conditions>
      <behaviors>
        <behavior id="id560446" class="NoteBehavior" enabled="true">
          <attributes>
            <text id="name">Note</text>
            <text id="bundleName">Note.behavior</text>
            <text id="note">Essentially this rule tells the game that the DPad is not active when none of the specified direction keys are pressed.</text>
          </attributes>
        </behavior>
        <behavior id="id327137" class="ChangeAttributeAction" enabled="true">
          <attributes>
            <text id="name">Change Attribute: No direction keys pressed</text>
            <text id="bundleName">ChangeAttribute.behavior</text>
            <text id="targetAttribute">game.attributes.id297243</text>
            <text id="RHS">false</text>
          </attributes>
        </behavior>
      </behaviors>
      <elseBehaviors>
        <behavior id="id969487" class="ChangeAttributeAction" enabled="true">
          <attributes>
            <text id="name">Change Attribute</text>
            <text id="bundleName">ChangeAttribute.behavior</text>
            <text id="targetAttribute">game.attributes.id297243</text>
            <text id="RHS">true</text>
          </attributes>
        </behavior>
      </elseBehaviors>
    </behavior>
  </behaviors>
  <aspects>
    <graphics>
      <attributes>
        <boolean id="visible">false</boolean>
        <enumeration id="blendingMode">0</enumeration>
        <enumeration id="horizontalWrap">0</enumeration>
        <enumeration id="verticalWrap">0</enumeration>
        <enumeration id="horizontalAnchor">0</enumeration>
        <enumeration id="verticalAnchor">0</enumeration>
        <boolean id="flipHorizontally">false</boolean>
        <boolean id="flipVertically">false</boolean>
      </attributes>
    </graphics>
    <motion>
      <attributes>
        <point id="linearVelocity">
          <real id="x">0</real>
          <real id="y">0</real>
        </point>
        <real id="angularVelocity">0</real>
        <real id="maxSpeed">0</real>
        <boolean id="applyMaxSpeed">false</boolean>
      </attributes>
    </motion>
    <physics>
      <attributes>
        <real id="density">1</real>
        <real id="friction">3</real>
        <real id="restitution">1</real>
        <boolean id="fixedRotation">false</boolean>
        <boolean id="movable">true</boolean>
        <enumeration id="collisionShape">0</enumeration>
        <real id="drag">0</real>
        <real id="angularDrag">0</real>
      </attributes>
    </physics>
  </aspects>
</actor>