<?xml version="1.0" encoding="utf-8"?>
<actor id="id216419" PGFVersion="0.17" GSCVersion="0.9.91">
  <attributes>
    <text id="name">DPadArrowPressLeft</text>
    <real id="time">0</real>
    <point id="position">
      <real id="x">0</real>
      <real id="y">0</real>
    </point>
    <size id="size">
      <real id="width">128</real>
      <real id="height">128</real>
    </size>
    <angle id="rotation">0</angle>
    <color id="color">
      <real id="red">1</real>
      <real id="green">1</real>
      <real id="blue">1</real>
      <real id="alpha">1</real>
    </color>
    <image id="image">DPadArrowPressLeft</image>
    <text id="tags">ControllerActors</text>
    <boolean id="preloadArt">true</boolean>
  </attributes>
  <behaviors>
    <behavior id="id181721" class="CompoundBehavior" enabled="true">
      <attributes>
        <text id="name">Group: Dynamic Button Resizing to Match DPad Base Actor</text>
        <text id="bundleName">Group.behavior</text>
      </attributes>
      <behaviors>
        <behavior id="id212880" class="ChangeAttributeAction" enabled="true">
          <attributes>
            <text id="name">Change Attribute</text>
            <text id="bundleName">ChangeAttribute.behavior</text>
            <text id="targetAttribute">self.attributes.size.width</text>
            <text id="RHS">
              <expression>
                <reference keypath="game.attributes.id930721" />
                <string>*2</string>
              </expression>
            </text>
          </attributes>
        </behavior>
        <behavior id="id979328" class="ChangeAttributeAction" enabled="true">
          <attributes>
            <text id="name">Change Attribute</text>
            <text id="bundleName">ChangeAttribute.behavior</text>
            <text id="targetAttribute">self.attributes.size.height</text>
            <text id="RHS">
              <expression>
                <reference keypath="game.attributes.id930721" />
                <string>*2</string>
              </expression>
            </text>
          </attributes>
        </behavior>
      </behaviors>
    </behavior>
    <behavior id="id388267" class="RuleBehavior" enabled="true">
      <attributes>
        <text id="name">Rule - When Left is pressed then become VISIBLE</text>
        <text id="bundleName">Rule.behavior</text>
        <real id="compoundConditionKind">0</real>
      </attributes>
      <conditions>
        <condition id="id140941" eventType="key">
          <attributes>
            <index id="conditionType">1</index>
            <text id="subjectAttribute">game.attributes.id531199</text>
          </attributes>
          <predicate type="boolean">
            <attributes>
              <index id="RHS">1</index>
            </attributes>
          </predicate>
        </condition>
        <condition id="id982314" eventType="mouse button">
          <attributes>
            <index id="conditionType">1</index>
            <text id="subjectAttribute">game.attributes.id373683</text>
          </attributes>
          <predicate type="boolean">
            <attributes>
              <index id="RHS">1</index>
            </attributes>
          </predicate>
        </condition>
        <condition id="id670806" eventType="mouse button">
          <attributes>
            <index id="conditionType">1</index>
            <text id="subjectAttribute">game.attributes.id700593</text>
          </attributes>
          <predicate type="boolean">
            <attributes>
              <index id="RHS">1</index>
            </attributes>
          </predicate>
        </condition>
      </conditions>
      <behaviors>
        <behavior id="id671729" class="ChangeAttributeAction" enabled="true">
          <attributes>
            <text id="name">Change Attribute - Change opacity to 100%</text>
            <text id="bundleName">ChangeAttribute.behavior</text>
            <text id="targetAttribute">self.attributes.color.alpha</text>
            <text id="RHS">1</text>
          </attributes>
        </behavior>
      </behaviors>
      <elseBehaviors>
        <behavior id="id514391" class="ChangeAttributeAction" enabled="true">
          <attributes>
            <text id="name">Change Attribute - reset opacity to 0%</text>
            <text id="bundleName">ChangeAttribute.behavior</text>
            <text id="targetAttribute">self.attributes.color.alpha</text>
            <text id="RHS">0</text>
          </attributes>
        </behavior>
      </elseBehaviors>
    </behavior>
  </behaviors>
  <aspects>
    <graphics>
      <attributes>
        <boolean id="visible">true</boolean>
        <enumeration id="blendingMode">0</enumeration>
        <enumeration id="horizontalWrap">0</enumeration>
        <enumeration id="verticalWrap">0</enumeration>
        <enumeration id="horizontalAnchor">0</enumeration>
        <enumeration id="verticalAnchor">0</enumeration>
        <boolean id="flipHorizontally">false</boolean>
        <boolean id="flipVertically">false</boolean>
      </attributes>
    </graphics>
    <motion>
      <attributes>
        <point id="linearVelocity">
          <real id="x">0</real>
          <real id="y">0</real>
        </point>
        <real id="angularVelocity">0</real>
        <real id="maxSpeed">0</real>
        <boolean id="applyMaxSpeed">false</boolean>
      </attributes>
    </motion>
    <physics>
      <attributes>
        <real id="density">1</real>
        <real id="friction">3</real>
        <real id="restitution">1</real>
        <boolean id="fixedRotation">false</boolean>
        <boolean id="movable">true</boolean>
        <enumeration id="collisionShape">0</enumeration>
        <real id="drag">0</real>
        <real id="angularDrag">0</real>
      </attributes>
    </physics>
  </aspects>
</actor>