<?xml version="1.0" encoding="utf-8"?>
<actor id="id953923" PGFVersion="0.17" GSCVersion="0.9.91">
  <attributes>
    <text id="name">ActionButton_2</text>
    <real id="time">0</real>
    <point id="position">
      <real id="x">0</real>
      <real id="y">0</real>
    </point>
    <size id="size">
      <real id="width">80</real>
      <real id="height">80</real>
    </size>
    <angle id="rotation">0</angle>
    <color id="color">
      <real id="red">1</real>
      <real id="green">1</real>
      <real id="blue">1</real>
      <real id="alpha">1</real>
    </color>
    <image id="image">UniversalButtonB_1</image>
    <text id="tags">ControllerActors</text>
    <boolean id="preloadArt">true</boolean>
    <boolean id="id702883" name="Touch Used">false</boolean>
  </attributes>
  <behaviors>
    <behavior id="id808898" class="NoteBehavior" enabled="true">
      <attributes>
        <text id="name">Note</text>
        <text id="bundleName">Note.behavior</text>
        <text id="note">This button contains instructions for TOUCH control as well as KEYBOARD control. 

*Be sure to check the Otherwise parts of the Rules below to see the different Change Image behaviors used for the different states of the button.</text>
      </attributes>
    </behavior>
    <behavior id="id352124" class="RuleBehavior" enabled="true">
      <attributes>
        <text id="name">Rule - Button Graphics and Logic</text>
        <text id="bundleName">Rule.behavior</text>
        <real id="compoundConditionKind">0</real>
      </attributes>
      <conditions>
        <condition id="id587470" eventType="touch">
          <attributes>
            <index id="conditionType">1</index>
            <text id="subjectAttribute">game.attributes.id373683</text>
          </attributes>
          <predicate type="boolean">
            <attributes>
              <index id="RHS">1</index>
            </attributes>
          </predicate>
        </condition>
      </conditions>
      <behaviors>
        <behavior id="id588821" class="NoteBehavior" enabled="true">
          <attributes>
            <text id="name">Note</text>
            <text id="bundleName">Note.behavior</text>
            <text id="note">Default keyboard key for this button is 'x'. You can change this to your specification in the Rule condition below.</text>
          </attributes>
        </behavior>
        <behavior id="id318516" class="RuleBehavior" enabled="true">
          <attributes>
            <text id="name">Rule: Disable touch only if Visibility is off</text>
            <text id="bundleName">Rule.behavior</text>
            <real id="compoundConditionKind">0</real>
          </attributes>
          <conditions>
            <condition id="id893301" eventType="mouse button">
              <attributes>
                <index id="conditionType">1</index>
                <text id="subjectAttribute">game.attributes.id700593</text>
              </attributes>
              <predicate type="boolean">
                <attributes>
                  <index id="RHS">1</index>
                </attributes>
              </predicate>
            </condition>
            <condition id="id853509" eventType="touch">
              <attributes>
                <index id="conditionType">0</index>
              </attributes>
              <predicate type="touch" conditionType="pressed">
                <attributes />
              </predicate>
            </condition>
          </conditions>
          <behaviors>
            <behavior id="id428982" class="ChangeAttributeAction" enabled="true">
              <attributes>
                <text id="name">Change Attribute</text>
                <text id="bundleName">ChangeAttribute.behavior</text>
                <text id="targetAttribute">self.attributes.id702883</text>
                <text id="RHS">true</text>
              </attributes>
            </behavior>
          </behaviors>
          <elseBehaviors>
            <behavior id="id861316" class="ChangeAttributeAction" enabled="true">
              <attributes>
                <text id="name">Change Attribute</text>
                <text id="bundleName">ChangeAttribute.behavior</text>
                <text id="targetAttribute">self.attributes.id702883</text>
                <text id="RHS">false</text>
              </attributes>
            </behavior>
          </elseBehaviors>
        </behavior>
        <behavior id="id272384" class="RuleBehavior" enabled="true">
          <attributes>
            <text id="name">Rule - Button Logic for being Pressed, Idle and Inactive</text>
            <text id="bundleName">Rule.behavior</text>
            <real id="compoundConditionKind">1</real>
          </attributes>
          <conditions>
            <condition id="id753820" eventType="touch">
              <attributes>
                <index id="conditionType">1</index>
                <text id="subjectAttribute">self.attributes.id702883</text>
              </attributes>
              <predicate type="boolean">
                <attributes>
                  <index id="RHS">1</index>
                </attributes>
              </predicate>
            </condition>
            <condition id="id260314" eventType="key">
              <attributes>
                <index id="conditionType">0</index>
              </attributes>
              <predicate type="key">
                <attributes>
                  <text id="mode">down</text>
                  <text id="keyString">x</text>
                </attributes>
              </predicate>
            </condition>
          </conditions>
          <behaviors>
            <behavior id="id799745" class="ChangeImageAction" enabled="true">
              <attributes>
                <text id="name">Change Image - Active and Pressed State of the Button</text>
                <text id="bundleName">ChangeImage.behavior</text>
                <image id="image">UniversalButtonB_2</image>
              </attributes>
            </behavior>
            <behavior id="id286861" class="ChangeAttributeAction" enabled="true">
              <attributes>
                <text id="name">Change Attribute - Tells Game Logic that Button is Pressed</text>
                <text id="bundleName">ChangeAttribute.behavior</text>
                <text id="targetAttribute">game.attributes.id173134</text>
                <text id="RHS">true</text>
              </attributes>
            </behavior>
          </behaviors>
          <elseBehaviors>
            <behavior id="id418320" class="ChangeImageAction" enabled="true">
              <attributes>
                <text id="name">Change Image - Active Idle State of the Button</text>
                <text id="bundleName">ChangeImage.behavior</text>
                <image id="image">UniversalButtonB_1</image>
              </attributes>
            </behavior>
            <behavior id="id399070" class="ChangeAttributeAction" enabled="true">
              <attributes>
                <text id="name">Change Attribute - Resets Button to Unpressed</text>
                <text id="bundleName">ChangeAttribute.behavior</text>
                <text id="targetAttribute">game.attributes.id173134</text>
                <text id="RHS">false</text>
              </attributes>
            </behavior>
          </elseBehaviors>
        </behavior>
      </behaviors>
      <elseBehaviors>
        <behavior id="id749000" class="ChangeImageAction" enabled="true">
          <attributes>
            <text id="name">Change Image - Inactive State of the Button</text>
            <text id="bundleName">ChangeImage.behavior</text>
            <image id="image">UniversalButtonB_3</image>
          </attributes>
        </behavior>
        <behavior id="id908288" class="ChangeAttributeAction" enabled="true">
          <attributes>
            <text id="name">Change Attribute - Resets Button to Unpressed</text>
            <text id="bundleName">ChangeAttribute.behavior</text>
            <text id="targetAttribute">game.attributes.id173134</text>
            <text id="RHS">false</text>
          </attributes>
        </behavior>
      </elseBehaviors>
    </behavior>
    <behavior id="id463116" class="RuleBehavior" enabled="true">
      <attributes>
        <text id="name">Rule - Toggle Visibility Based on Global Visibility Setting</text>
        <text id="bundleName">Rule.behavior</text>
        <real id="compoundConditionKind">0</real>
      </attributes>
      <conditions>
        <condition id="id778033" eventType="mouse button">
          <attributes>
            <index id="conditionType">1</index>
            <text id="subjectAttribute">game.attributes.id700593</text>
          </attributes>
          <predicate type="boolean">
            <attributes>
              <index id="RHS">1</index>
            </attributes>
          </predicate>
        </condition>
      </conditions>
      <behaviors>
        <behavior id="id315399" class="ChangeAttributeAction" enabled="true">
          <attributes>
            <text id="name">Change Attribute - Set Opacity to 100%</text>
            <text id="bundleName">ChangeAttribute.behavior</text>
            <text id="targetAttribute">self.attributes.color.alpha</text>
            <text id="RHS">1</text>
          </attributes>
        </behavior>
      </behaviors>
      <elseBehaviors>
        <behavior id="id870157" class="ChangeAttributeAction" enabled="true">
          <attributes>
            <text id="name">Change Attribute - Set Opacity to 0%</text>
            <text id="bundleName">ChangeAttribute.behavior</text>
            <text id="targetAttribute">self.attributes.color.alpha</text>
            <text id="RHS">0</text>
          </attributes>
        </behavior>
      </elseBehaviors>
    </behavior>
  </behaviors>
  <aspects>
    <graphics>
      <attributes>
        <boolean id="visible">true</boolean>
        <enumeration id="blendingMode">0</enumeration>
        <enumeration id="horizontalWrap">0</enumeration>
        <enumeration id="verticalWrap">0</enumeration>
        <enumeration id="horizontalAnchor">0</enumeration>
        <enumeration id="verticalAnchor">0</enumeration>
        <boolean id="flipHorizontally">false</boolean>
        <boolean id="flipVertically">false</boolean>
      </attributes>
    </graphics>
    <motion>
      <attributes>
        <point id="linearVelocity">
          <real id="x">0</real>
          <real id="y">0</real>
        </point>
        <real id="angularVelocity">0</real>
        <real id="maxSpeed">0</real>
        <boolean id="applyMaxSpeed">false</boolean>
      </attributes>
    </motion>
    <physics>
      <attributes>
        <real id="density">1</real>
        <real id="friction">3</real>
        <real id="restitution">1</real>
        <boolean id="fixedRotation">false</boolean>
        <boolean id="movable">true</boolean>
        <enumeration id="collisionShape">1</enumeration>
        <real id="drag">0</real>
        <real id="angularDrag">0</real>
      </attributes>
    </physics>
  </aspects>
</actor>