<?xml version="1.0" encoding="utf-8"?>
<actor id="id483610" PGFVersion="0.17" GSCVersion="0.9.91">
  <attributes>
    <text id="name">Win</text>
    <real id="time">0</real>
    <point id="position">
      <real id="x">0</real>
      <real id="y">0</real>
    </point>
    <size id="size">
      <real id="width">32</real>
      <real id="height">32</real>
    </size>
    <angle id="rotation">0</angle>
    <color id="color">
      <real id="red">1</real>
      <real id="green">1</real>
      <real id="blue">1</real>
      <real id="alpha">0</real>
    </color>
    <image id="image" />
    <text id="tags" />
    <boolean id="preloadArt">true</boolean>
  </attributes>
  <behaviors>
    <behavior id="id729500" class="RuleBehavior" enabled="true">
      <attributes>
        <text id="name">Rule</text>
        <text id="bundleName">Rule.behavior</text>
        <real id="compoundConditionKind">0</real>
      </attributes>
      <conditions>
        <condition id="id748624" eventType="overlaps or collides">
          <attributes>
            <index id="conditionType">0</index>
            <text id="name">default name</text>
          </attributes>
          <predicate type="collision">
            <attributes>
              <text id="prototypeKey">id414774</text>
              <text id="actorTag">Walls</text>
              <real id="mode">0</real>
              <text id="name">default name</text>
              <boolean id="walls">false</boolean>
              <boolean id="otherActors">true</boolean>
            </attributes>
          </predicate>
        </condition>
      </conditions>
      <behaviors>
        <behavior id="id106188" class="DestroyAction" enabled="true">
          <attributes>
            <text id="name">Destroy</text>
            <text id="bundleName">Destroy.behavior</text>
          </attributes>
        </behavior>
        <behavior id="id507810" class="ChangeAttributeAction" enabled="true">
          <attributes>
            <text id="name">Change Attribute</text>
            <text id="bundleName">ChangeAttribute.behavior</text>
            <text id="targetAttribute">game.attributes.id179506</text>
            <text id="RHS">1</text>
          </attributes>
        </behavior>
      </behaviors>
      <elseBehaviors />
    </behavior>
  </behaviors>
  <aspects>
    <graphics>
      <attributes>
        <boolean id="visible">true</boolean>
        <enumeration id="blendingMode">0</enumeration>
        <enumeration id="horizontalWrap">0</enumeration>
        <enumeration id="verticalWrap">0</enumeration>
        <enumeration id="horizontalAnchor">0</enumeration>
        <enumeration id="verticalAnchor">0</enumeration>
        <boolean id="flipHorizontally">false</boolean>
        <boolean id="flipVertically">false</boolean>
      </attributes>
    </graphics>
    <motion>
      <attributes>
        <point id="linearVelocity">
          <real id="x">0</real>
          <real id="y">0</real>
        </point>
        <real id="angularVelocity">0</real>
        <real id="maxSpeed">0</real>
        <boolean id="applyMaxSpeed">false</boolean>
      </attributes>
    </motion>
    <physics>
      <attributes>
        <real id="density">1</real>
        <real id="friction">3</real>
        <real id="restitution">1</real>
        <boolean id="fixedRotation">false</boolean>
        <boolean id="movable">true</boolean>
        <enumeration id="collisionShape">0</enumeration>
        <real id="drag">0</real>
        <real id="angularDrag">0</real>
      </attributes>
    </physics>
  </aspects>
</actor>