<?xml version="1.0" encoding="utf-8"?>
<actor id="id601740" PGFVersion="0.17" GSCVersion="0.9.91">
  <attributes>
    <text id="name">Treasure</text>
    <real id="time">0</real>
    <point id="position">
      <real id="x">0</real>
      <real id="y">0</real>
    </point>
    <size id="size">
      <real id="width">100</real>
      <real id="height">100</real>
    </size>
    <angle id="rotation">0</angle>
    <color id="color">
      <real id="red">1</real>
      <real id="green">1</real>
      <real id="blue">1</real>
      <real id="alpha">1</real>
    </color>
    <image id="image">treasure_chest</image>
    <text id="tags" />
    <boolean id="preloadArt">true</boolean>
  </attributes>
  <behaviors>
    <behavior id="id455631" class="RuleBehavior" enabled="true">
      <attributes>
        <text id="name">Collide With Player Rule</text>
        <text id="bundleName">Rule.behavior</text>
        <real id="compoundConditionKind">0</real>
      </attributes>
      <conditions>
        <condition id="id544264" eventType="overlaps or collides">
          <attributes>
            <index id="conditionType">0</index>
            <text id="name">default name</text>
          </attributes>
          <predicate type="collision">
            <attributes>
              <text id="prototypeKey">id414774</text>
              <text id="actorTag">Walls</text>
              <real id="mode">0</real>
              <text id="name">default name</text>
              <boolean id="walls">false</boolean>
              <boolean id="otherActors">true</boolean>
            </attributes>
          </predicate>
        </condition>
      </conditions>
      <behaviors>
        <behavior id="id306757" class="ChangeAttributeAction" enabled="true">
          <attributes>
            <text id="name">Change Attribute</text>
            <text id="bundleName">ChangeAttribute.behavior</text>
            <text id="targetAttribute">game.attributes.id853018</text>
            <text id="RHS">1</text>
          </attributes>
        </behavior>
        <behavior id="id201340" class="ChangeAttributeAction" enabled="true">
          <attributes>
            <text id="name">Change Attribute</text>
            <text id="bundleName">ChangeAttribute.behavior</text>
            <text id="targetAttribute">game.attributes.id512155</text>
            <text id="RHS">4</text>
          </attributes>
        </behavior>
        <behavior id="id930552" class="ChangeAttributeAction" enabled="true">
          <attributes>
            <text id="name">Change Attribute</text>
            <text id="bundleName">ChangeAttribute.behavior</text>
            <text id="targetAttribute">self.attributes.position.x</text>
            <text id="RHS">530</text>
          </attributes>
        </behavior>
      </behaviors>
      <elseBehaviors />
    </behavior>
    <behavior id="id910963" class="RuleBehavior" enabled="true">
      <attributes>
        <text id="name">Reset Position Rule</text>
        <text id="bundleName">Rule.behavior</text>
        <real id="compoundConditionKind">0</real>
      </attributes>
      <conditions>
        <condition id="id194723" eventType="">
          <attributes>
            <index id="conditionType">1</index>
            <text id="subjectAttribute">game.attributes.id179506</text>
            <text id="name">default name</text>
          </attributes>
          <predicate type="boolean">
            <attributes>
              <index id="RHS">0</index>
              <text id="name">default name</text>
              <text id="operator">=</text>
            </attributes>
          </predicate>
        </condition>
      </conditions>
      <behaviors>
        <behavior id="id366968" class="ChangeAttributeAction" enabled="true">
          <attributes>
            <text id="name">Change Attribute</text>
            <text id="bundleName">ChangeAttribute.behavior</text>
            <text id="targetAttribute">self.attributes.position.x</text>
            <text id="RHS">435</text>
          </attributes>
        </behavior>
      </behaviors>
      <elseBehaviors />
    </behavior>
  </behaviors>
  <aspects>
    <graphics>
      <attributes>
        <boolean id="visible">true</boolean>
        <enumeration id="blendingMode">0</enumeration>
        <enumeration id="horizontalWrap">0</enumeration>
        <enumeration id="verticalWrap">0</enumeration>
        <enumeration id="horizontalAnchor">0</enumeration>
        <enumeration id="verticalAnchor">0</enumeration>
        <boolean id="flipHorizontally">false</boolean>
        <boolean id="flipVertically">false</boolean>
      </attributes>
    </graphics>
    <motion>
      <attributes>
        <point id="linearVelocity">
          <real id="x">0</real>
          <real id="y">0</real>
        </point>
        <real id="angularVelocity">0</real>
        <real id="maxSpeed">0</real>
        <boolean id="applyMaxSpeed">false</boolean>
      </attributes>
    </motion>
    <physics>
      <attributes>
        <real id="density">10</real>
        <real id="friction">3</real>
        <real id="restitution">0</real>
        <boolean id="fixedRotation">false</boolean>
        <boolean id="movable">false</boolean>
        <enumeration id="collisionShape">0</enumeration>
        <real id="drag">0</real>
        <real id="angularDrag">0</real>
      </attributes>
    </physics>
  </aspects>
</actor>