<?xml version="1.0" encoding="utf-8"?>
<actor id="id686265" PGFVersion="0.17" GSCVersion="0.9.91">
  <attributes>
    <text id="name">Magic Seal</text>
    <real id="time">0</real>
    <point id="position">
      <real id="x">0</real>
      <real id="y">0</real>
    </point>
    <size id="size">
      <real id="width">32</real>
      <real id="height">32</real>
    </size>
    <angle id="rotation">0</angle>
    <color id="color">
      <real id="red">1</real>
      <real id="green">1</real>
      <real id="blue">1</real>
      <real id="alpha">0.65</real>
    </color>
    <image id="image">Seal-of-Agare</image>
    <text id="tags" />
    <boolean id="preloadArt">true</boolean>
  </attributes>
  <behaviors>
    <behavior id="id997375" class="RuleBehavior" enabled="true">
      <attributes>
        <text id="name">Fire Right Rule</text>
        <text id="bundleName">Rule.behavior</text>
        <real id="compoundConditionKind">0</real>
      </attributes>
      <conditions>
        <condition id="id448658" eventType="">
          <attributes>
            <index id="conditionType">1</index>
            <text id="subjectAttribute">game.attributes.id561463</text>
            <text id="name">default name</text>
          </attributes>
          <predicate type="string">
            <attributes>
              <text id="operator">is</text>
              <text id="RHS">Right</text>
              <text id="name">default name</text>
            </attributes>
          </predicate>
        </condition>
      </conditions>
      <behaviors>
        <behavior id="id982892" class="MoveBehavior" enabled="true">
          <attributes>
            <text id="name">Move</text>
            <text id="bundleName">Move.behavior</text>
            <angle id="direction">0</angle>
            <index id="space">0</index>
            <index id="moveType">0</index>
            <real id="speed">300</real>
            <boolean id="haltWhenBehaviorStops">true</boolean>
          </attributes>
        </behavior>
        <behavior id="id646319" class="RotateBehavior" enabled="true">
          <attributes>
            <text id="name">Rotate</text>
            <text id="bundleName">Rotate.behavior</text>
            <real id="angularVelocity">90</real>
            <index id="direction">1</index>
            <boolean id="haltWhenBehaviorStops">true</boolean>
          </attributes>
        </behavior>
      </behaviors>
      <elseBehaviors />
    </behavior>
    <behavior id="id286859" class="RuleBehavior" enabled="true">
      <attributes>
        <text id="name">Fire Left Rule</text>
        <text id="bundleName">Rule.behavior</text>
        <real id="compoundConditionKind">0</real>
      </attributes>
      <conditions>
        <condition id="id448658" eventType="">
          <attributes>
            <index id="conditionType">1</index>
            <text id="subjectAttribute">game.attributes.id561463</text>
            <text id="name">default name</text>
          </attributes>
          <predicate type="string">
            <attributes>
              <text id="operator">is</text>
              <text id="RHS">Left</text>
              <text id="name">default name</text>
            </attributes>
          </predicate>
        </condition>
      </conditions>
      <behaviors>
        <behavior id="id982892" class="MoveBehavior" enabled="true">
          <attributes>
            <text id="name">Move</text>
            <text id="bundleName">Move.behavior</text>
            <angle id="direction">180</angle>
            <index id="space">0</index>
            <index id="moveType">0</index>
            <real id="speed">300</real>
            <boolean id="haltWhenBehaviorStops">true</boolean>
          </attributes>
        </behavior>
        <behavior id="id646319" class="RotateBehavior" enabled="true">
          <attributes>
            <text id="name">Rotate</text>
            <text id="bundleName">Rotate.behavior</text>
            <real id="angularVelocity">90</real>
            <index id="direction">0</index>
            <boolean id="haltWhenBehaviorStops">true</boolean>
          </attributes>
        </behavior>
      </behaviors>
      <elseBehaviors />
    </behavior>
    <behavior id="id426953" class="RuleBehavior" enabled="true">
      <attributes>
        <text id="name">Destroy if Hits Wall or Monster Rule</text>
        <text id="bundleName">Rule.behavior</text>
        <real id="compoundConditionKind">1</real>
      </attributes>
      <conditions>
        <condition id="id993486" eventType="overlaps or collides">
          <attributes>
            <index id="conditionType">0</index>
            <text id="name">default name</text>
          </attributes>
          <predicate type="collision">
            <attributes>
              <text id="prototypeKey">id755469</text>
              <text id="actorTag">Walls</text>
              <real id="mode">0</real>
              <text id="name">default name</text>
              <boolean id="walls">false</boolean>
              <boolean id="otherActors">true</boolean>
            </attributes>
          </predicate>
        </condition>
        <condition id="id377724" eventType="overlaps or collides">
          <attributes>
            <index id="conditionType">0</index>
            <text id="name">default name</text>
          </attributes>
          <predicate type="collision">
            <attributes>
              <text id="prototypeKey">id968047</text>
              <text id="actorTag">Walls</text>
              <real id="mode">0</real>
              <text id="name">default name</text>
            </attributes>
          </predicate>
        </condition>
      </conditions>
      <behaviors>
        <behavior id="id699955" class="DestroyAction" enabled="true">
          <attributes>
            <text id="name">Destroy</text>
            <text id="bundleName">Destroy.behavior</text>
          </attributes>
        </behavior>
      </behaviors>
      <elseBehaviors />
    </behavior>
  </behaviors>
  <aspects>
    <graphics>
      <attributes>
        <boolean id="visible">true</boolean>
        <enumeration id="blendingMode">0</enumeration>
        <enumeration id="horizontalWrap">0</enumeration>
        <enumeration id="verticalWrap">0</enumeration>
        <enumeration id="horizontalAnchor">0</enumeration>
        <enumeration id="verticalAnchor">0</enumeration>
        <boolean id="flipHorizontally">false</boolean>
        <boolean id="flipVertically">false</boolean>
      </attributes>
    </graphics>
    <motion>
      <attributes>
        <point id="linearVelocity">
          <real id="x">0</real>
          <real id="y">0</real>
        </point>
        <real id="angularVelocity">0</real>
        <real id="maxSpeed">0</real>
        <boolean id="applyMaxSpeed">false</boolean>
      </attributes>
    </motion>
    <physics>
      <attributes>
        <real id="density">1</real>
        <real id="friction">3</real>
        <real id="restitution">1</real>
        <boolean id="fixedRotation">false</boolean>
        <boolean id="movable">true</boolean>
        <enumeration id="collisionShape">0</enumeration>
        <real id="drag">0</real>
        <real id="angularDrag">0</real>
      </attributes>
    </physics>
  </aspects>
</actor>