<?xml version="1.0" encoding="utf-8"?>
<actor id="id397075" PGFVersion="0.17" GSCVersion="0.9.91">
  <attributes>
    <text id="name">Lava</text>
    <real id="time">0</real>
    <point id="position">
      <real id="x">0</real>
      <real id="y">0</real>
    </point>
    <size id="size">
      <real id="width">100</real>
      <real id="height">100</real>
    </size>
    <angle id="rotation">0</angle>
    <color id="color">
      <real id="red">1</real>
      <real id="green">0.010851</real>
      <real id="blue">0</real>
      <real id="alpha">0.42</real>
    </color>
    <image id="image" />
    <text id="tags" />
    <boolean id="preloadArt">true</boolean>
  </attributes>
  <behaviors>
    <behavior id="id144670" class="ParticlesBehavior" enabled="true">
      <attributes>
        <text id="name">Particles</text>
        <text id="bundleName">Particles.behavior</text>
        <index id="numParticles">25</index>
        <real id="size">4</real>
        <real id="lifetime">
          <expression>
            <string>random(4,6)</string>
          </expression>
        </real>
        <real id="startupTime">0</real>
        <angle id="direction">90</angle>
        <real id="speed">10</real>
        <image id="image">lavaBubble</image>
        <angle id="rotation">0</angle>
        <real id="angularVelocity">
          <expression>
            <string>random(0,45)</string>
          </expression>
        </real>
        <index id="directionRelativity">0</index>
        <real id="emitterOffsetX">
          <expression>
            <string>random(-100,100)</string>
          </expression>
        </real>
        <real id="emitterOffsetY">
          <expression>
            <string>random(-20,-10)</string>
          </expression>
        </real>
        <boolean id="colorChange">false</boolean>
        <boolean id="sizeChange">false</boolean>
        <real id="colorTransitionTime">1</real>
        <real id="sizeTarget">5</real>
        <real id="sizeTransitionTime">0</real>
        <color id="color">
          <real id="red">1</real>
          <real id="green">0</real>
          <real id="blue">0</real>
          <real id="alpha">1</real>
        </color>
        <color id="colorTarget">
          <real id="red">1</real>
          <real id="green">1</real>
          <real id="blue">1</real>
          <real id="alpha">1</real>
        </color>
        <boolean id="affectedByGravity">false</boolean>
        <enumeration id="blendingMode">0</enumeration>
      </attributes>
    </behavior>
    <behavior id="id406297" class="RuleBehavior" enabled="true">
      <attributes>
        <text id="name">Death</text>
        <text id="bundleName">Rule.behavior</text>
        <real id="compoundConditionKind">0</real>
      </attributes>
      <conditions>
        <condition id="id401879" eventType="overlaps or collides">
          <attributes>
            <index id="conditionType">0</index>
            <text id="name">default name</text>
          </attributes>
          <predicate type="collision">
            <attributes>
              <text id="prototypeKey">id295030</text>
              <text id="actorTag" />
              <real id="mode">0</real>
              <text id="name">default name</text>
            </attributes>
          </predicate>
        </condition>
      </conditions>
      <behaviors>
        <behavior id="id937485" class="TimerBehavior" enabled="true">
          <attributes>
            <text id="name">Timer</text>
            <text id="bundleName">Timer.behavior</text>
            <index id="timerType">1</index>
            <real id="interval">0.3</real>
            <boolean id="runToCompletion">true</boolean>
          </attributes>
          <behaviors>
            <behavior id="id900390" class="PlaySoundAction" enabled="true">
              <attributes>
                <text id="name">Play Sound</text>
                <text id="bundleName">PlaySound.behavior</text>
                <sound id="soundName">hurt</sound>
                <boolean id="loop">false</boolean>
                <boolean id="runToCompletion">true</boolean>
                <boolean id="positional">false</boolean>
                <boolean id="dopplerShift">false</boolean>
                <real id="volume">1</real>
                <real id="pitch">1</real>
              </attributes>
            </behavior>
            <behavior id="id619623" class="ResetSceneAction" enabled="true">
              <attributes>
                <text id="name">Reset Scene</text>
                <text id="bundleName">ResetScene.behavior</text>
              </attributes>
            </behavior>
          </behaviors>
        </behavior>
      </behaviors>
      <elseBehaviors />
    </behavior>
  </behaviors>
  <aspects>
    <graphics>
      <attributes>
        <boolean id="visible">true</boolean>
        <enumeration id="blendingMode">0</enumeration>
        <enumeration id="horizontalWrap">0</enumeration>
        <enumeration id="verticalWrap">0</enumeration>
        <enumeration id="horizontalAnchor">0</enumeration>
        <enumeration id="verticalAnchor">0</enumeration>
        <boolean id="flipHorizontally">false</boolean>
        <boolean id="flipVertically">false</boolean>
      </attributes>
    </graphics>
    <motion>
      <attributes>
        <point id="linearVelocity">
          <real id="x">0</real>
          <real id="y">0</real>
        </point>
        <real id="angularVelocity">0</real>
        <real id="maxSpeed">0</real>
        <boolean id="applyMaxSpeed">false</boolean>
      </attributes>
    </motion>
    <physics>
      <attributes>
        <real id="density">1</real>
        <real id="friction">3</real>
        <real id="restitution">1</real>
        <boolean id="fixedRotation">false</boolean>
        <boolean id="movable">false</boolean>
        <enumeration id="collisionShape">0</enumeration>
        <real id="drag">0</real>
        <real id="angularDrag">0</real>
      </attributes>
    </physics>
  </aspects>
</actor>