<?xml version="1.0" encoding="utf-8"?>
<actor id="id295030" PGFVersion="0.17" GSCVersion="0.9.91">
  <attributes>
    <text id="name">Player</text>
    <real id="time">0</real>
    <point id="position">
      <real id="x">0</real>
      <real id="y">0</real>
    </point>
    <size id="size">
      <real id="width">55</real>
      <real id="height">58</real>
    </size>
    <angle id="rotation">0</angle>
    <color id="color">
      <real id="red">1</real>
      <real id="green">1</real>
      <real id="blue">1</real>
      <real id="alpha">1</real>
    </color>
    <image id="image">stand_R</image>
    <text id="tags" />
    <boolean id="preloadArt">true</boolean>
    <boolean id="id577050" name="FacingRight">true</boolean>
    <boolean id="id166472" name="Grounded?">true</boolean>
  </attributes>
  <behaviors>
    <behavior id="id178688" class="ControlCameraBehavior" enabled="true">
      <attributes>
        <text id="name">Control Camera</text>
        <text id="bundleName">ControlCamera.behavior</text>
      </attributes>
    </behavior>
    <behavior id="id417310" class="CompoundBehavior" enabled="true">
      <attributes>
        <text id="name">Collisions</text>
        <text id="bundleName">Group.behavior</text>
      </attributes>
      <behaviors>
        <behavior id="id551933" class="CollideBehavior" enabled="true">
          <attributes>
            <text id="name">Collide with solid area</text>
            <text id="bundleName">Collide.behavior</text>
            <text id="prototypeKey">id669251</text>
            <text id="actorTag" />
            <index id="mode">0</index>
          </attributes>
        </behavior>
        <behavior id="id641132" class="CollideBehavior" enabled="true">
          <attributes>
            <text id="name">Collide with the InvisiSpring</text>
            <text id="bundleName">Collide.behavior</text>
            <text id="prototypeKey">id196921</text>
            <text id="actorTag" />
            <index id="mode">0</index>
          </attributes>
        </behavior>
        <behavior id="id163803" class="RuleBehavior" enabled="true">
          <attributes>
            <text id="name">Lava Fall</text>
            <text id="bundleName">Rule.behavior</text>
            <real id="compoundConditionKind">0</real>
          </attributes>
          <conditions>
            <condition id="id819509" eventType="overlaps or collides">
              <attributes>
                <index id="conditionType">0</index>
                <text id="name">default name</text>
              </attributes>
              <predicate type="collision">
                <attributes>
                  <text id="prototypeKey">id397075</text>
                  <text id="actorTag" />
                  <real id="mode">0</real>
                  <text id="name">default name</text>
                </attributes>
              </predicate>
            </condition>
          </conditions>
          <behaviors>
            <behavior id="id640162" class="ChangeImageAction" enabled="true">
              <attributes>
                <text id="name">Change Image</text>
                <text id="bundleName">ChangeImage.behavior</text>
                <image id="image">fall_R</image>
              </attributes>
            </behavior>
          </behaviors>
          <elseBehaviors />
        </behavior>
      </behaviors>
    </behavior>
    <behavior id="id399270" class="CompoundBehavior" enabled="true">
      <attributes>
        <text id="name">Character Controls</text>
        <text id="bundleName">Group.behavior</text>
      </attributes>
      <behaviors>
        <behavior id="id738493" class="CompoundBehavior" enabled="true">
          <attributes>
            <text id="name">Left-Right Control</text>
            <text id="bundleName">Group.behavior</text>
          </attributes>
          <behaviors>
            <behavior id="id229682" class="RuleBehavior" enabled="true">
              <attributes>
                <text id="name">Move Left</text>
                <text id="bundleName">Rule.behavior</text>
                <real id="compoundConditionKind">0</real>
              </attributes>
              <conditions>
                <condition id="id521251" eventType="key">
                  <attributes>
                    <index id="conditionType">0</index>
                    <text id="name">default name</text>
                  </attributes>
                  <predicate type="key">
                    <attributes>
                      <text id="mode">down</text>
                      <text id="keyString">left</text>
                      <text id="name">default name</text>
                    </attributes>
                  </predicate>
                </condition>
              </conditions>
              <behaviors>
                <behavior id="id902651" class="AccelerateBehavior" enabled="true">
                  <attributes>
                    <text id="name">Accelerate</text>
                    <text id="bundleName">Accelerate.behavior</text>
                    <angle id="direction">180</angle>
                    <index id="space">0</index>
                    <real id="acceleration">1500</real>
                  </attributes>
                </behavior>
                <behavior id="id299422" class="ConstrainAttributeBehavior" enabled="true">
                  <attributes>
                    <text id="name">Constrain Attribute</text>
                    <text id="bundleName">ConstrainAttribute.behavior</text>
                    <text id="targetAttribute">self.attributes.id577050</text>
                    <text id="RHS">false</text>
                  </attributes>
                </behavior>
              </behaviors>
              <elseBehaviors />
            </behavior>
            <behavior id="id824372" class="RuleBehavior" enabled="true">
              <attributes>
                <text id="name">Animate Left</text>
                <text id="bundleName">Rule.behavior</text>
                <real id="compoundConditionKind">0</real>
              </attributes>
              <conditions>
                <condition id="id103127" eventType="mouse button">
                  <attributes>
                    <index id="conditionType">1</index>
                    <text id="subjectAttribute">self.aspects.motion.attributes.linearVelocity.x</text>
                    <text id="name">default name</text>
                  </attributes>
                  <predicate type="number">
                    <attributes>
                      <text id="operator">&lt;</text>
                      <real id="RHS">0</real>
                      <text id="name">default name</text>
                    </attributes>
                  </predicate>
                </condition>
                <condition id="id734398" eventType="mouse button">
                  <attributes>
                    <index id="conditionType">1</index>
                    <text id="subjectAttribute">self.attributes.id166472</text>
                    <text id="name">default name</text>
                  </attributes>
                  <predicate type="boolean">
                    <attributes>
                      <index id="RHS">1</index>
                      <text id="name">default name</text>
                      <text id="operator">=</text>
                    </attributes>
                  </predicate>
                </condition>
                <condition id="id909579" eventType="mouse button">
                  <attributes>
                    <index id="conditionType">1</index>
                    <text id="subjectAttribute">self.aspects.motion.attributes.linearVelocity.y</text>
                    <text id="name">default name</text>
                  </attributes>
                  <predicate type="number">
                    <attributes>
                      <text id="operator">=</text>
                      <real id="RHS">0</real>
                      <text id="name">default name</text>
                    </attributes>
                  </predicate>
                </condition>
              </conditions>
              <behaviors>
                <behavior id="id293837" class="AnimateBehavior" enabled="true">
                  <attributes>
                    <text id="name">Animate</text>
                    <text id="bundleName">Animate.behavior</text>
                    <text id="images">run_L1	run_L2	run_L3	run_L4	run_L5	run_L6	run_L7	run_L8</text>
                    <index id="speed">10</index>
                    <boolean id="loop">true</boolean>
                    <boolean id="restoreActorImage">true</boolean>
                  </attributes>
                </behavior>
              </behaviors>
              <elseBehaviors />
            </behavior>
            <behavior id="id299335" class="RuleBehavior" enabled="true">
              <attributes>
                <text id="name">Move Right</text>
                <text id="bundleName">Rule.behavior</text>
                <real id="compoundConditionKind">0</real>
              </attributes>
              <conditions>
                <condition id="id521251" eventType="key">
                  <attributes>
                    <index id="conditionType">0</index>
                    <text id="name">default name</text>
                  </attributes>
                  <predicate type="key">
                    <attributes>
                      <text id="mode">down</text>
                      <text id="keyString">right</text>
                      <text id="name">default name</text>
                    </attributes>
                  </predicate>
                </condition>
              </conditions>
              <behaviors>
                <behavior id="id902651" class="AccelerateBehavior" enabled="true">
                  <attributes>
                    <text id="name">Accelerate</text>
                    <text id="bundleName">Accelerate.behavior</text>
                    <angle id="direction">0</angle>
                    <index id="space">0</index>
                    <real id="acceleration">1500</real>
                  </attributes>
                </behavior>
                <behavior id="id894853" class="ConstrainAttributeBehavior" enabled="true">
                  <attributes>
                    <text id="name">Constrain Attribute</text>
                    <text id="bundleName">ConstrainAttribute.behavior</text>
                    <text id="targetAttribute">self.attributes.id577050</text>
                    <text id="RHS">true</text>
                  </attributes>
                </behavior>
              </behaviors>
              <elseBehaviors />
            </behavior>
            <behavior id="id447920" class="RuleBehavior" enabled="true">
              <attributes>
                <text id="name">Animate Right</text>
                <text id="bundleName">Rule.behavior</text>
                <real id="compoundConditionKind">0</real>
              </attributes>
              <conditions>
                <condition id="id103127" eventType="mouse button">
                  <attributes>
                    <index id="conditionType">1</index>
                    <text id="subjectAttribute">self.aspects.motion.attributes.linearVelocity.x</text>
                    <text id="name">default name</text>
                  </attributes>
                  <predicate type="number">
                    <attributes>
                      <text id="operator">&gt;</text>
                      <real id="RHS">0</real>
                      <text id="name">default name</text>
                    </attributes>
                  </predicate>
                </condition>
                <condition id="id734398" eventType="mouse button">
                  <attributes>
                    <index id="conditionType">1</index>
                    <text id="subjectAttribute">self.attributes.id166472</text>
                    <text id="name">default name</text>
                  </attributes>
                  <predicate type="boolean">
                    <attributes>
                      <index id="RHS">1</index>
                      <text id="name">default name</text>
                      <text id="operator">=</text>
                    </attributes>
                  </predicate>
                </condition>
                <condition id="id508902" eventType="mouse button">
                  <attributes>
                    <index id="conditionType">1</index>
                    <text id="subjectAttribute">self.aspects.motion.attributes.linearVelocity.y</text>
                    <text id="name">default name</text>
                  </attributes>
                  <predicate type="number">
                    <attributes>
                      <text id="operator">=</text>
                      <real id="RHS">0</real>
                      <text id="name">default name</text>
                    </attributes>
                  </predicate>
                </condition>
              </conditions>
              <behaviors>
                <behavior id="id293837" class="AnimateBehavior" enabled="true">
                  <attributes>
                    <text id="name">Animate</text>
                    <text id="bundleName">Animate.behavior</text>
                    <text id="images">run_R1	run_R2	run_R3	run_R4	run_R5	run_R6	run_R7	run_R8</text>
                    <index id="speed">10</index>
                    <boolean id="loop">true</boolean>
                    <boolean id="restoreActorImage">true</boolean>
                  </attributes>
                </behavior>
              </behaviors>
              <elseBehaviors />
            </behavior>
          </behaviors>
        </behavior>
        <behavior id="id565387" class="RuleBehavior" enabled="true">
          <attributes>
            <text id="name">Jumping Control</text>
            <text id="bundleName">Rule.behavior</text>
            <real id="compoundConditionKind">0</real>
          </attributes>
          <conditions>
            <condition id="id892158" eventType="key">
              <attributes>
                <index id="conditionType">0</index>
                <text id="name">default name</text>
              </attributes>
              <predicate type="key">
                <attributes>
                  <text id="mode">down</text>
                  <text id="keyString">space</text>
                  <text id="name">default name</text>
                </attributes>
              </predicate>
            </condition>
            <condition id="id935174" eventType="mouse button">
              <attributes>
                <index id="conditionType">1</index>
                <text id="subjectAttribute">self.aspects.motion.attributes.linearVelocity.y</text>
                <text id="name">default name</text>
              </attributes>
              <predicate type="number">
                <attributes>
                  <text id="operator">=</text>
                  <real id="RHS">0</real>
                  <text id="name">default name</text>
                </attributes>
              </predicate>
            </condition>
            <condition id="id770781" eventType="overlaps or collides">
              <attributes>
                <index id="conditionType">1</index>
                <text id="subjectAttribute">self.attributes.id166472</text>
                <text id="name">default name</text>
              </attributes>
              <predicate type="boolean">
                <attributes>
                  <index id="RHS">1</index>
                </attributes>
              </predicate>
            </condition>
          </conditions>
          <behaviors>
            <behavior id="id315792" class="ChangeAttributeAction" enabled="true">
              <attributes>
                <text id="name">Change Attribute</text>
                <text id="bundleName">ChangeAttribute.behavior</text>
                <text id="targetAttribute">self.aspects.motion.attributes.linearVelocity.y</text>
                <text id="RHS">400</text>
              </attributes>
            </behavior>
            <behavior id="id687586" class="PlaySoundAction" enabled="true">
              <attributes>
                <text id="name">Play Sound</text>
                <text id="bundleName">PlaySound.behavior</text>
                <sound id="soundName">jump</sound>
                <boolean id="loop">false</boolean>
                <boolean id="runToCompletion">true</boolean>
                <boolean id="positional">false</boolean>
                <boolean id="dopplerShift">false</boolean>
                <real id="volume">1</real>
                <real id="pitch">1</real>
              </attributes>
            </behavior>
          </behaviors>
          <elseBehaviors />
        </behavior>
        <behavior id="id132678" class="RuleBehavior" enabled="true">
          <attributes>
            <text id="name">Determine if Grounded</text>
            <text id="bundleName">Rule.behavior</text>
            <real id="compoundConditionKind">0</real>
          </attributes>
          <conditions>
            <condition id="id647259" eventType="overlaps or collides">
              <attributes>
                <index id="conditionType">0</index>
                <text id="name">default name</text>
              </attributes>
              <predicate type="collision">
                <attributes>
                  <text id="prototypeKey">id214699</text>
                  <text id="actorTag" />
                  <real id="mode">0</real>
                  <text id="name">default name</text>
                </attributes>
              </predicate>
            </condition>
          </conditions>
          <behaviors>
            <behavior id="id868490" class="ConstrainAttributeBehavior" enabled="true">
              <attributes>
                <text id="name">Constrain Attribute</text>
                <text id="bundleName">ConstrainAttribute.behavior</text>
                <text id="targetAttribute">self.attributes.id166472</text>
                <text id="RHS">true</text>
              </attributes>
            </behavior>
          </behaviors>
          <elseBehaviors>
            <behavior id="id226825" class="ConstrainAttributeBehavior" enabled="true">
              <attributes>
                <text id="name">Constrain Attribute</text>
                <text id="bundleName">ConstrainAttribute.behavior</text>
                <text id="targetAttribute">self.attributes.id166472</text>
                <text id="RHS">false</text>
              </attributes>
            </behavior>
          </elseBehaviors>
        </behavior>
        <behavior id="id864362" class="CompoundBehavior" enabled="true">
          <attributes>
            <text id="name">Pose States</text>
            <text id="bundleName">Group.behavior</text>
          </attributes>
          <behaviors>
            <behavior id="id782713" class="TimerBehavior" enabled="true">
              <attributes>
                <text id="name">Timer - Check these conditions very often</text>
                <text id="bundleName">Timer.behavior</text>
                <index id="timerType">0</index>
                <real id="interval">0.01</real>
                <boolean id="runToCompletion">true</boolean>
              </attributes>
              <behaviors>
                <behavior id="id360926" class="RuleBehavior" enabled="true">
                  <attributes>
                    <text id="name">FallingRight</text>
                    <text id="bundleName">Rule.behavior</text>
                    <real id="compoundConditionKind">0</real>
                  </attributes>
                  <conditions>
                    <condition id="id306832" eventType="mouse button">
                      <attributes>
                        <index id="conditionType">1</index>
                        <text id="subjectAttribute">self.aspects.motion.attributes.linearVelocity.y</text>
                        <text id="name">default name</text>
                      </attributes>
                      <predicate type="number">
                        <attributes>
                          <text id="operator">&lt;</text>
                          <real id="RHS">-0.3</real>
                          <text id="name">default name</text>
                        </attributes>
                      </predicate>
                    </condition>
                    <condition id="id529370" eventType="mouse button">
                      <attributes>
                        <index id="conditionType">1</index>
                        <text id="subjectAttribute">self.attributes.id577050</text>
                        <text id="name">default name</text>
                      </attributes>
                      <predicate type="boolean">
                        <attributes>
                          <index id="RHS">1</index>
                          <text id="name">default name</text>
                          <text id="operator">=</text>
                        </attributes>
                      </predicate>
                    </condition>
                    <condition id="id395932" eventType="mouse button">
                      <attributes>
                        <index id="conditionType">1</index>
                        <text id="subjectAttribute">self.attributes.id166472</text>
                        <text id="name">default name</text>
                      </attributes>
                      <predicate type="boolean">
                        <attributes>
                          <index id="RHS">0</index>
                          <text id="name">default name</text>
                          <text id="operator">=</text>
                        </attributes>
                      </predicate>
                    </condition>
                  </conditions>
                  <behaviors>
                    <behavior id="id751611" class="ChangeImageAction" enabled="true">
                      <attributes>
                        <text id="name">Change Image</text>
                        <text id="bundleName">ChangeImage.behavior</text>
                        <image id="image">fall_R</image>
                      </attributes>
                    </behavior>
                  </behaviors>
                  <elseBehaviors />
                </behavior>
                <behavior id="id686904" class="RuleBehavior" enabled="true">
                  <attributes>
                    <text id="name">FacingRight</text>
                    <text id="bundleName">Rule.behavior</text>
                    <real id="compoundConditionKind">0</real>
                  </attributes>
                  <conditions>
                    <condition id="id913965" eventType="mouse button">
                      <attributes>
                        <index id="conditionType">1</index>
                        <text id="subjectAttribute">self.aspects.motion.attributes.linearVelocity.x</text>
                        <text id="name">default name</text>
                      </attributes>
                      <predicate type="number">
                        <attributes>
                          <text id="operator">=</text>
                          <real id="RHS">0</real>
                          <text id="name">default name</text>
                        </attributes>
                      </predicate>
                    </condition>
                    <condition id="id415707" eventType="mouse button">
                      <attributes>
                        <index id="conditionType">1</index>
                        <text id="subjectAttribute">self.attributes.id577050</text>
                        <text id="name">default name</text>
                      </attributes>
                      <predicate type="boolean">
                        <attributes>
                          <index id="RHS">1</index>
                          <text id="name">default name</text>
                          <text id="operator">=</text>
                        </attributes>
                      </predicate>
                    </condition>
                    <condition id="id712213" eventType="overlaps or collides">
                      <attributes>
                        <index id="conditionType">1</index>
                        <text id="subjectAttribute">self.attributes.id166472</text>
                        <text id="name">default name</text>
                      </attributes>
                      <predicate type="boolean">
                        <attributes>
                          <index id="RHS">1</index>
                          <text id="name">default name</text>
                          <text id="operator">=</text>
                        </attributes>
                      </predicate>
                    </condition>
                  </conditions>
                  <behaviors>
                    <behavior id="id503667" class="ChangeImageAction" enabled="true">
                      <attributes>
                        <text id="name">Change Image</text>
                        <text id="bundleName">ChangeImage.behavior</text>
                        <image id="image">stand_R</image>
                      </attributes>
                    </behavior>
                  </behaviors>
                  <elseBehaviors />
                </behavior>
                <behavior id="id199271" class="RuleBehavior" enabled="true">
                  <attributes>
                    <text id="name">FallingLeft</text>
                    <text id="bundleName">Rule.behavior</text>
                    <real id="compoundConditionKind">0</real>
                  </attributes>
                  <conditions>
                    <condition id="id306832" eventType="mouse button">
                      <attributes>
                        <index id="conditionType">1</index>
                        <text id="subjectAttribute">self.aspects.motion.attributes.linearVelocity.y</text>
                        <text id="name">default name</text>
                      </attributes>
                      <predicate type="number">
                        <attributes>
                          <text id="operator">&lt;</text>
                          <real id="RHS">-0.3</real>
                          <text id="name">default name</text>
                        </attributes>
                      </predicate>
                    </condition>
                    <condition id="id529370" eventType="mouse button">
                      <attributes>
                        <index id="conditionType">1</index>
                        <text id="subjectAttribute">self.attributes.id577050</text>
                        <text id="name">default name</text>
                      </attributes>
                      <predicate type="boolean">
                        <attributes>
                          <index id="RHS">0</index>
                          <text id="name">default name</text>
                          <text id="operator">=</text>
                        </attributes>
                      </predicate>
                    </condition>
                    <condition id="id437779" eventType="mouse button">
                      <attributes>
                        <index id="conditionType">1</index>
                        <text id="subjectAttribute">self.attributes.id166472</text>
                        <text id="name">default name</text>
                      </attributes>
                      <predicate type="boolean">
                        <attributes>
                          <index id="RHS">0</index>
                          <text id="name">default name</text>
                          <text id="operator">=</text>
                        </attributes>
                      </predicate>
                    </condition>
                  </conditions>
                  <behaviors>
                    <behavior id="id782235" class="ChangeImageAction" enabled="true">
                      <attributes>
                        <text id="name">Change Image</text>
                        <text id="bundleName">ChangeImage.behavior</text>
                        <image id="image">fall_L</image>
                      </attributes>
                    </behavior>
                  </behaviors>
                  <elseBehaviors />
                </behavior>
                <behavior id="id859027" class="RuleBehavior" enabled="true">
                  <attributes>
                    <text id="name">FacingLeft</text>
                    <text id="bundleName">Rule.behavior</text>
                    <real id="compoundConditionKind">0</real>
                  </attributes>
                  <conditions>
                    <condition id="id317344" eventType="mouse button">
                      <attributes>
                        <index id="conditionType">1</index>
                        <text id="subjectAttribute">self.attributes.id577050</text>
                        <text id="name">default name</text>
                      </attributes>
                      <predicate type="boolean">
                        <attributes>
                          <index id="RHS">0</index>
                          <text id="name">default name</text>
                          <text id="operator">=</text>
                        </attributes>
                      </predicate>
                    </condition>
                    <condition id="id738300" eventType="mouse button">
                      <attributes>
                        <index id="conditionType">1</index>
                        <text id="subjectAttribute">self.aspects.motion.attributes.linearVelocity.x</text>
                        <text id="name">default name</text>
                      </attributes>
                      <predicate type="number">
                        <attributes>
                          <text id="operator">=</text>
                          <real id="RHS">0</real>
                          <text id="name">default name</text>
                        </attributes>
                      </predicate>
                    </condition>
                    <condition id="id516380" eventType="overlaps or collides">
                      <attributes>
                        <index id="conditionType">1</index>
                        <text id="subjectAttribute">self.attributes.id166472</text>
                        <text id="name">default name</text>
                      </attributes>
                      <predicate type="boolean">
                        <attributes>
                          <index id="RHS">1</index>
                          <text id="name">default name</text>
                          <text id="operator">=</text>
                        </attributes>
                      </predicate>
                    </condition>
                  </conditions>
                  <behaviors>
                    <behavior id="id499982" class="ChangeImageAction" enabled="true">
                      <attributes>
                        <text id="name">Change Image</text>
                        <text id="bundleName">ChangeImage.behavior</text>
                        <image id="image">stand_L</image>
                      </attributes>
                    </behavior>
                  </behaviors>
                  <elseBehaviors />
                </behavior>
                <behavior id="id481082" class="RuleBehavior" enabled="true">
                  <attributes>
                    <text id="name">JumpingLeft</text>
                    <text id="bundleName">Rule.behavior</text>
                    <real id="compoundConditionKind">0</real>
                  </attributes>
                  <conditions>
                    <condition id="id306832" eventType="mouse button">
                      <attributes>
                        <index id="conditionType">1</index>
                        <text id="subjectAttribute">self.aspects.motion.attributes.linearVelocity.y</text>
                        <text id="name">default name</text>
                      </attributes>
                      <predicate type="number">
                        <attributes>
                          <text id="operator">&gt;</text>
                          <real id="RHS">0.1</real>
                          <text id="name">default name</text>
                        </attributes>
                      </predicate>
                    </condition>
                    <condition id="id529370" eventType="mouse button">
                      <attributes>
                        <index id="conditionType">1</index>
                        <text id="subjectAttribute">self.attributes.id577050</text>
                        <text id="name">default name</text>
                      </attributes>
                      <predicate type="boolean">
                        <attributes>
                          <index id="RHS">0</index>
                          <text id="name">default name</text>
                          <text id="operator">=</text>
                        </attributes>
                      </predicate>
                    </condition>
                    <condition id="id851550" eventType="mouse button">
                      <attributes>
                        <index id="conditionType">1</index>
                        <text id="subjectAttribute">self.attributes.id166472</text>
                        <text id="name">default name</text>
                      </attributes>
                      <predicate type="boolean">
                        <attributes>
                          <index id="RHS">0</index>
                          <text id="name">default name</text>
                          <text id="operator">=</text>
                        </attributes>
                      </predicate>
                    </condition>
                  </conditions>
                  <behaviors>
                    <behavior id="id751611" class="ChangeImageAction" enabled="true">
                      <attributes>
                        <text id="name">Change Image</text>
                        <text id="bundleName">ChangeImage.behavior</text>
                        <image id="image">jump_L</image>
                      </attributes>
                    </behavior>
                  </behaviors>
                  <elseBehaviors />
                </behavior>
                <behavior id="id546046" class="RuleBehavior" enabled="true">
                  <attributes>
                    <text id="name">JumpingRight</text>
                    <text id="bundleName">Rule.behavior</text>
                    <real id="compoundConditionKind">0</real>
                  </attributes>
                  <conditions>
                    <condition id="id306832" eventType="mouse button">
                      <attributes>
                        <index id="conditionType">1</index>
                        <text id="subjectAttribute">self.aspects.motion.attributes.linearVelocity.y</text>
                        <text id="name">default name</text>
                      </attributes>
                      <predicate type="number">
                        <attributes>
                          <text id="operator">&gt;</text>
                          <real id="RHS">0.1</real>
                          <text id="name">default name</text>
                        </attributes>
                      </predicate>
                    </condition>
                    <condition id="id529370" eventType="mouse button">
                      <attributes>
                        <index id="conditionType">1</index>
                        <text id="subjectAttribute">self.attributes.id577050</text>
                        <text id="name">default name</text>
                      </attributes>
                      <predicate type="boolean">
                        <attributes>
                          <index id="RHS">1</index>
                          <text id="name">default name</text>
                          <text id="operator">=</text>
                        </attributes>
                      </predicate>
                    </condition>
                    <condition id="id808824" eventType="mouse button">
                      <attributes>
                        <index id="conditionType">1</index>
                        <text id="subjectAttribute">self.attributes.id166472</text>
                        <text id="name">default name</text>
                      </attributes>
                      <predicate type="boolean">
                        <attributes>
                          <index id="RHS">0</index>
                          <text id="name">default name</text>
                          <text id="operator">=</text>
                        </attributes>
                      </predicate>
                    </condition>
                  </conditions>
                  <behaviors>
                    <behavior id="id751611" class="ChangeImageAction" enabled="true">
                      <attributes>
                        <text id="name">Change Image</text>
                        <text id="bundleName">ChangeImage.behavior</text>
                        <image id="image">jump_R</image>
                      </attributes>
                    </behavior>
                  </behaviors>
                  <elseBehaviors />
                </behavior>
              </behaviors>
            </behavior>
          </behaviors>
        </behavior>
      </behaviors>
    </behavior>
  </behaviors>
  <aspects>
    <graphics>
      <attributes>
        <boolean id="visible">true</boolean>
        <enumeration id="blendingMode">0</enumeration>
        <enumeration id="horizontalWrap">1</enumeration>
        <enumeration id="verticalWrap">1</enumeration>
        <enumeration id="horizontalAnchor">0</enumeration>
        <enumeration id="verticalAnchor">0</enumeration>
        <boolean id="flipHorizontally">false</boolean>
        <boolean id="flipVertically">false</boolean>
      </attributes>
    </graphics>
    <motion>
      <attributes>
        <point id="linearVelocity">
          <real id="x">0</real>
          <real id="y">0</real>
        </point>
        <real id="angularVelocity">0</real>
        <real id="maxSpeed">400</real>
        <boolean id="applyMaxSpeed">true</boolean>
      </attributes>
    </motion>
    <physics>
      <attributes>
        <real id="density">1</real>
        <real id="friction">1</real>
        <real id="restitution">0</real>
        <boolean id="fixedRotation">true</boolean>
        <boolean id="movable">true</boolean>
        <enumeration id="collisionShape">0</enumeration>
        <real id="drag">0</real>
        <real id="angularDrag">0</real>
      </attributes>
    </physics>
  </aspects>
</actor>