<?xml version="1.0" encoding="utf-8"?>
<actor id="id892234" PGFVersion="0.17" GSCVersion="0.9.91">
  <attributes>
    <text id="name">torch</text>
    <real id="time">0</real>
    <point id="position">
      <real id="x">0</real>
      <real id="y">0</real>
    </point>
    <size id="size">
      <real id="width">16</real>
      <real id="height">36</real>
    </size>
    <angle id="rotation">0</angle>
    <color id="color">
      <real id="red">1</real>
      <real id="green">1</real>
      <real id="blue">1</real>
      <real id="alpha">1</real>
    </color>
    <image id="image">torch</image>
    <text id="tags" />
    <boolean id="preloadArt">true</boolean>
  </attributes>
  <behaviors>
    <behavior id="id735818" class="ParticlesBehavior" enabled="true">
      <attributes>
        <text id="name">Particles</text>
        <text id="bundleName">Particles.behavior</text>
        <index id="numParticles">30</index>
        <real id="size">7</real>
        <real id="lifetime">1.5</real>
        <real id="startupTime">2</real>
        <angle id="direction">
          <expression>
            <string>random(70,110)</string>
          </expression>
        </angle>
        <real id="speed">15</real>
        <image id="image">boom02</image>
        <angle id="rotation">0</angle>
        <real id="angularVelocity">0</real>
        <index id="directionRelativity">0</index>
        <real id="emitterOffsetX">
          <expression>
            <string>random(-3,3)</string>
          </expression>
        </real>
        <real id="emitterOffsetY">16</real>
        <boolean id="colorChange">true</boolean>
        <boolean id="sizeChange">true</boolean>
        <real id="colorTransitionTime">1</real>
        <real id="sizeTarget">3</real>
        <real id="sizeTransitionTime">1</real>
        <color id="color">
          <real id="red">1</real>
          <real id="green">0.645294</real>
          <real id="blue">0.0493026</real>
          <real id="alpha">0.73</real>
        </color>
        <color id="colorTarget">
          <real id="red">0.516304</real>
          <real id="green">0.516304</real>
          <real id="blue">0.516304</real>
          <real id="alpha">0.63</real>
        </color>
        <boolean id="affectedByGravity">false</boolean>
        <enumeration id="blendingMode">3</enumeration>
      </attributes>
    </behavior>
  </behaviors>
  <aspects>
    <graphics>
      <attributes>
        <boolean id="visible">true</boolean>
        <enumeration id="blendingMode">0</enumeration>
        <enumeration id="horizontalWrap">0</enumeration>
        <enumeration id="verticalWrap">0</enumeration>
        <enumeration id="horizontalAnchor">0</enumeration>
        <enumeration id="verticalAnchor">0</enumeration>
        <boolean id="flipHorizontally">false</boolean>
        <boolean id="flipVertically">false</boolean>
      </attributes>
    </graphics>
    <motion>
      <attributes>
        <point id="linearVelocity">
          <real id="x">0</real>
          <real id="y">0</real>
        </point>
        <real id="angularVelocity">0</real>
        <real id="maxSpeed">0</real>
        <boolean id="applyMaxSpeed">false</boolean>
      </attributes>
    </motion>
    <physics>
      <attributes>
        <real id="density">1</real>
        <real id="friction">3</real>
        <real id="restitution">1</real>
        <boolean id="fixedRotation">false</boolean>
        <boolean id="movable">false</boolean>
        <enumeration id="collisionShape">0</enumeration>
        <real id="drag">0</real>
        <real id="angularDrag">0</real>
      </attributes>
    </physics>
  </aspects>
</actor>