<?xml version="1.0" encoding="utf-8"?>
<actor id="id495883" PGFVersion="0.17" GSCVersion="0.9.91">
  <attributes>
    <text id="name">Door</text>
    <real id="time">0</real>
    <point id="position">
      <real id="x">0</real>
      <real id="y">0</real>
    </point>
    <size id="size">
      <real id="width">59</real>
      <real id="height">98</real>
    </size>
    <angle id="rotation">0</angle>
    <color id="color">
      <real id="red">1</real>
      <real id="green">1</real>
      <real id="blue">1</real>
      <real id="alpha">1</real>
    </color>
    <image id="image">doorway</image>
    <text id="tags" />
    <boolean id="preloadArt">true</boolean>
  </attributes>
  <behaviors>
    <behavior id="id358808" class="RuleBehavior" enabled="true">
      <attributes>
        <text id="name">Rule</text>
        <text id="bundleName">Rule.behavior</text>
        <real id="compoundConditionKind">0</real>
      </attributes>
      <conditions>
        <condition id="id650286" eventType="overlaps or collides">
          <attributes>
            <index id="conditionType">0</index>
            <text id="name">default name</text>
          </attributes>
          <predicate type="collision">
            <attributes>
              <text id="prototypeKey">id295030</text>
              <text id="actorTag" />
              <real id="mode">0</real>
              <text id="name">default name</text>
            </attributes>
          </predicate>
        </condition>
      </conditions>
      <behaviors>
        <behavior id="id344722" class="TimerBehavior" enabled="true">
          <attributes>
            <text id="name">Timer</text>
            <text id="bundleName">Timer.behavior</text>
            <index id="timerType">1</index>
            <real id="interval">0.5</real>
            <boolean id="runToCompletion">true</boolean>
          </attributes>
          <behaviors>
            <behavior id="id485178" class="PlaySoundAction" enabled="true">
              <attributes>
                <text id="name">Play Sound</text>
                <text id="bundleName">PlaySound.behavior</text>
                <sound id="soundName">end level</sound>
                <boolean id="loop">false</boolean>
                <boolean id="runToCompletion">true</boolean>
                <boolean id="positional">false</boolean>
                <boolean id="dopplerShift">false</boolean>
                <real id="volume">1</real>
                <real id="pitch">1</real>
              </attributes>
            </behavior>
            <behavior id="id144670" class="ChangeSceneAction" enabled="true">
              <attributes>
                <text id="name">Change Scene</text>
                <text id="bundleName">ChangeScene.behavior</text>
                <text id="sceneKey">id526375</text>
                <boolean id="preserveCurrentScene">false</boolean>
              </attributes>
            </behavior>
          </behaviors>
        </behavior>
      </behaviors>
      <elseBehaviors />
    </behavior>
  </behaviors>
  <aspects>
    <graphics>
      <attributes>
        <boolean id="visible">true</boolean>
        <enumeration id="blendingMode">0</enumeration>
        <enumeration id="horizontalWrap">0</enumeration>
        <enumeration id="verticalWrap">0</enumeration>
        <enumeration id="horizontalAnchor">0</enumeration>
        <enumeration id="verticalAnchor">0</enumeration>
        <boolean id="flipHorizontally">false</boolean>
        <boolean id="flipVertically">false</boolean>
      </attributes>
    </graphics>
    <motion>
      <attributes>
        <point id="linearVelocity">
          <real id="x">0</real>
          <real id="y">0</real>
        </point>
        <real id="angularVelocity">0</real>
        <real id="maxSpeed">0</real>
        <boolean id="applyMaxSpeed">false</boolean>
      </attributes>
    </motion>
    <physics>
      <attributes>
        <real id="density">1</real>
        <real id="friction">3</real>
        <real id="restitution">1</real>
        <boolean id="fixedRotation">false</boolean>
        <boolean id="movable">false</boolean>
        <enumeration id="collisionShape">0</enumeration>
        <real id="drag">0</real>
        <real id="angularDrag">0</real>
      </attributes>
    </physics>
  </aspects>
</actor>