<?xml version="1.0" encoding="UTF-8"?>
<scene id="id269551" GSCVersion="0.10.1" PGFVersion="0.19"><layers><layer id="id768613"><actors><actor id="id739949" prototype="id326326"><attributes><point id="position"><real id="x">160.832</real><real id="y">240.152</real></point><size id="size"><real id="width">320</real><real id="height">480</real></size></attributes><aspects/></actor><actor id="id568430" prototype="id563613"><attributes><point id="position"><real id="x">160</real><real id="y">55</real></point><size id="size"><real id="height">5</real></size></attributes><aspects/></actor><actor id="id901670" prototype="id563613"><attributes><point id="position"><real id="x">160</real><real id="y">155</real></point><size id="size"><real id="height">5</real></size></attributes><aspects/></actor><actor id="id106389" prototype="id563613"><attributes><point id="position"><real id="x">160</real><real id="y">105</real></point><size id="size"><real id="height">5</real></size></attributes><aspects/></actor><actor id="id428433" prototype="id223494"><attributes><point id="position"><real id="x">5</real><real id="y">240</real></point></attributes><aspects/></actor><actor id="id811868" prototype="id223494"><attributes><point id="position"><real id="x">55</real><real id="y">240</real></point></attributes><aspects/></actor><actor id="id234665" prototype="id223494"><attributes><point id="position"><real id="x">105</real><real id="y">240</real></point></attributes><aspects/></actor><actor id="id486296" prototype="id908499"><attributes><point id="position"><real id="x">28.7422</real><real id="y">55.2012</real></point><size id="size"><real id="width">59.375</real><real id="height">59.5195</real></size></attributes><aspects/></actor><actor id="id106187" prototype="id908499"><attributes><point id="position"><real id="x">54.8574</real><real id="y">37.5508</real></point><size id="size"><real id="width">53.8867</real><real id="height">56.4219</real></size></attributes><aspects/></actor><actor id="id526286" prototype="id563613"><attributes><point id="position"><real id="x">160</real><real id="y">355</real></point></attributes><aspects/></actor><actor id="id837266" prototype="id865909"><attributes><point id="position"><real id="x">27.8633</real><real id="y">105.764</real></point><size id="size"><real id="width">66.2344</real><real id="height">62.0195</real></size></attributes><aspects/></actor><actor id="id945270" prototype="id711189"><attributes><point id="position"><real id="x">27.6094</real><real id="y">155.195</real></point><size id="size"><real id="width">68.0234</real><real id="height">62.0391</real></size></attributes><aspects/></actor><actor id="id944831" prototype="id563613"><attributes><point id="position"><real id="x">160</real><real id="y">455</real></point></attributes><aspects/></actor><actor id="id351165" prototype="id303250"><attributes><point id="position"><real id="x">28.7637</real><real id="y">454.254</real></point><size id="size"><real id="width">73.1836</real><real id="height">71.4375</real></size></attributes><aspects/></actor><actor id="id865945" prototype="id865909"><attributes><point id="position"><real id="x">105.039</real><real id="y">37.5586</real></point><size id="size"><real id="width">52.0234</real><real id="height">58.3125</real></size></attributes><aspects/></actor><actor id="id358116" prototype="id223494"><attributes><point id="position"><real id="x">305</real><real id="y">240</real></point></attributes><aspects/></actor><actor id="id395209" prototype="id223494"><attributes><point id="position"><real id="x">205</real><real id="y">240</real></point></attributes><aspects/></actor><actor id="id652244" prototype="id223494"><attributes><point id="position"><real id="x">255</real><real id="y">240</real></point></attributes><aspects/></actor><actor id="id990288" prototype="id563613"><attributes><point id="position"><real id="x">160</real><real id="y">405</real></point></attributes><aspects/></actor><actor id="id559372" prototype="id614209"><attributes><point id="position"><real id="x">26.2109</real><real id="y">355.369</real></point><size id="size"><real id="width">65.7578</real><real id="height">66.0273</real></size></attributes><aspects/></actor><actor id="id539802" prototype="id563613"><attributes><point id="position"><real id="x">160</real><real id="y">205</real></point><size id="size"><real id="height">5</real></size></attributes><aspects/></actor><actor id="id993226" prototype="id223494"><attributes><point id="position"><real id="x">155</real><real id="y">240</real></point></attributes><aspects/></actor><actor id="id668318" prototype="id563613"><attributes><point id="position"><real id="x">160</real><real id="y">255</real></point></attributes><aspects/></actor><actor id="id866848" prototype="id563613"><attributes><point id="position"><real id="x">160</real><real id="y">305</real></point></attributes><aspects/></actor><actor id="id805960" prototype="id563613"><attributes><point id="position"><real id="x">160</real><real id="y">5</real></point><size id="size"><real id="height">5</real></size></attributes><aspects/></actor><actor id="id468116" prototype="id113217"><attributes><point id="position"><real id="x">204.137</real><real id="y">37.6172</real></point><size id="size"><real id="width">45.7188</real><real id="height">56.0078</real></size></attributes><aspects/></actor><actor id="id370938" prototype="id711189"><attributes><point id="position"><real id="x">153.738</real><real id="y">38.4336</real></point><size id="size"><real id="width">52</real><real id="height">53.0938</real></size></attributes><aspects/></actor><actor id="id604350" prototype="id816727"><attributes><point id="position"><real id="x">27.793</real><real id="y">255.973</real></point><size id="size"><real id="width">59.8906</real><real id="height">55.125</real></size></attributes><aspects/></actor><actor id="id732885" prototype="id113217"><attributes><point id="position"><real id="x">26.9844</real><real id="y">205.625</real></point><size id="size"><real id="width">56.0547</real><real id="height">57.6484</real></size></attributes><aspects/></actor><actor id="id337783" prototype="id816727"><attributes><point id="position"><real id="x">254.457</real><real id="y">37.8203</real></point><size id="size"><real id="width">59.0234</real><real id="height">61.5938</real></size></attributes><aspects/></actor><actor id="id501781" prototype="id707316"><attributes><point id="position"><real id="x">304.777</real><real id="y">38.1953</real></point><size id="size"><real id="width">42.5</real><real id="height">53.5625</real></size></attributes><aspects/></actor><actor id="id912669" prototype="id707316"><attributes><point id="position"><real id="x">27.3204</real><real id="y">305.742</real></point><size id="size"><real id="width">59.75</real><real id="height">61.625</real></size></attributes><aspects/></actor><actor id="id791576" prototype="id212831"><attributes><point id="position"><real id="x">26.3027</real><real id="y">405.158</real></point><size id="size"><real id="width">60.5664</real><real id="height">62.7383</real></size></attributes><aspects/></actor></actors><attributes><text id="name">Layer 1</text><boolean id="scrollable">true</boolean></attributes></layer><layer id="id112326"><actors/><attributes><text id="name">Background</text><boolean id="scrollable">true</boolean></attributes></layer></layers><attributes><text id="name">Initial Scene</text><real id="time">0</real><size id="size"><real id="width">320</real><real id="height">480</real></size><boolean id="wrapX">false</boolean><boolean id="wrapY">false</boolean><point id="gravity"><real id="x">0</real><real id="y">0</real></point><color id="color"><real id="red">0</real><real id="green">0</real><real id="blue">1</real><real id="alpha">1</real></color><rect id="camera"><point id="origin"><real id="x">0</real><real id="y">0</real></point><size id="size"><real id="width">320</real><real id="height">480</real></size><size id="trackingArea"><real id="width">240</real><real id="height">400</real></size><real id="rotation">0</real></rect><attributes id="autorotate"><boolean id="landscapeLeft">false</boolean><boolean id="portrait">true</boolean><boolean id="landscapeRight">false</boolean><boolean id="portraitUpsideDown">false</boolean></attributes></attributes></scene>
