<?xml version="1.0" encoding="utf-8"?>
<scene PGFVersion="0.17" GSCVersion="0.9.91" id="id269551">
  <layers>
    <layer id="id112326">
      <actors>
        <actor id="id580112" prototype="id273551">
          <attributes>
            <point id="position">
              <real id="x">240</real>
              <real id="y">160</real>
            </point>
            <size id="size">
              <real id="width">480</real>
              <real id="height">320</real>
            </size>
          </attributes>
          <aspects>
            <graphics>
              <attributes />
            </graphics>
            <motion />
            <physics>
              <attributes />
            </physics>
          </aspects>
        </actor>
        <actor id="id289357" prototype="id861809">
          <attributes>
            <point id="position">
              <real id="x">180</real>
              <real id="y">220</real>
            </point>
          </attributes>
          <aspects>
            <graphics>
              <attributes />
            </graphics>
            <motion />
            <physics>
              <attributes />
            </physics>
          </aspects>
        </actor>
        <actor id="id251348" prototype="id861809">
          <attributes>
            <point id="position">
              <real id="x">240</real>
              <real id="y">220</real>
            </point>
          </attributes>
          <aspects>
            <graphics>
              <attributes />
            </graphics>
            <motion />
            <physics>
              <attributes />
            </physics>
          </aspects>
        </actor>
        <actor id="id215560" prototype="id861809">
          <attributes>
            <point id="position">
              <real id="x">300</real>
              <real id="y">220</real>
            </point>
          </attributes>
          <aspects>
            <graphics>
              <attributes />
            </graphics>
            <motion />
            <physics>
              <attributes />
            </physics>
          </aspects>
        </actor>
        <actor id="id433490" prototype="id861809">
          <attributes>
            <point id="position">
              <real id="x">360</real>
              <real id="y">220</real>
            </point>
          </attributes>
          <aspects>
            <graphics>
              <attributes />
            </graphics>
            <motion />
            <physics>
              <attributes />
            </physics>
          </aspects>
        </actor>
        <actor id="id867178" prototype="id861809">
          <attributes>
            <point id="position">
              <real id="x">120</real>
              <real id="y">220</real>
            </point>
          </attributes>
          <aspects>
            <graphics>
              <attributes />
            </graphics>
            <motion />
            <physics>
              <attributes />
            </physics>
          </aspects>
        </actor>
        <actor id="id972288" prototype="id573051">
          <attributes>
            <point id="position">
              <real id="x">252</real>
              <real id="y">296.5</real>
            </point>
          </attributes>
          <aspects>
            <graphics>
              <attributes />
            </graphics>
            <motion />
            <physics>
              <attributes />
            </physics>
          </aspects>
        </actor>
        <actor id="id709602" prototype="id861809">
          <attributes>
            <point id="position">
              <real id="x">90</real>
              <real id="y">180</real>
            </point>
          </attributes>
          <aspects>
            <graphics>
              <attributes />
            </graphics>
            <motion />
            <physics>
              <attributes />
            </physics>
          </aspects>
        </actor>
        <actor id="id109402" prototype="id861809">
          <attributes>
            <point id="position">
              <real id="x">150</real>
              <real id="y">180</real>
            </point>
          </attributes>
          <aspects>
            <graphics>
              <attributes />
            </graphics>
            <motion />
            <physics>
              <attributes />
            </physics>
          </aspects>
        </actor>
        <actor id="id874123" prototype="id861809">
          <attributes>
            <point id="position">
              <real id="x">210</real>
              <real id="y">180</real>
            </point>
          </attributes>
          <aspects>
            <graphics>
              <attributes />
            </graphics>
            <motion />
            <physics>
              <attributes />
            </physics>
          </aspects>
        </actor>
        <actor id="id934650" prototype="id861809">
          <attributes>
            <point id="position">
              <real id="x">270</real>
              <real id="y">180</real>
            </point>
          </attributes>
          <aspects>
            <graphics>
              <attributes />
            </graphics>
            <motion />
            <physics>
              <attributes />
            </physics>
          </aspects>
        </actor>
        <actor id="id110290" prototype="id861809">
          <attributes>
            <point id="position">
              <real id="x">330</real>
              <real id="y">180</real>
            </point>
          </attributes>
          <aspects>
            <graphics>
              <attributes />
            </graphics>
            <motion />
            <physics>
              <attributes />
            </physics>
          </aspects>
        </actor>
        <actor id="id710865" prototype="id861809">
          <attributes>
            <point id="position">
              <real id="x">390</real>
              <real id="y">180</real>
            </point>
          </attributes>
          <aspects>
            <graphics>
              <attributes />
            </graphics>
            <motion />
            <physics>
              <attributes />
            </physics>
          </aspects>
        </actor>
        <actor id="id421859" prototype="id861809">
          <attributes>
            <point id="position">
              <real id="x">60</real>
              <real id="y">140</real>
            </point>
          </attributes>
          <aspects>
            <graphics>
              <attributes />
            </graphics>
            <motion />
            <physics>
              <attributes />
            </physics>
          </aspects>
        </actor>
        <actor id="id331303" prototype="id861809">
          <attributes>
            <point id="position">
              <real id="x">120</real>
              <real id="y">140</real>
            </point>
          </attributes>
          <aspects>
            <graphics>
              <attributes />
            </graphics>
            <motion />
            <physics>
              <attributes />
            </physics>
          </aspects>
        </actor>
        <actor id="id900735" prototype="id861809">
          <attributes>
            <point id="position">
              <real id="x">180</real>
              <real id="y">140</real>
            </point>
          </attributes>
          <aspects>
            <graphics>
              <attributes />
            </graphics>
            <motion />
            <physics>
              <attributes />
            </physics>
          </aspects>
        </actor>
        <actor id="id784295" prototype="id861809">
          <attributes>
            <point id="position">
              <real id="x">240</real>
              <real id="y">140</real>
            </point>
          </attributes>
          <aspects>
            <graphics>
              <attributes />
            </graphics>
            <motion />
            <physics>
              <attributes />
            </physics>
          </aspects>
        </actor>
        <actor id="id152948" prototype="id861809">
          <attributes>
            <point id="position">
              <real id="x">300</real>
              <real id="y">140</real>
            </point>
          </attributes>
          <aspects>
            <graphics>
              <attributes />
            </graphics>
            <motion />
            <physics>
              <attributes />
            </physics>
          </aspects>
        </actor>
        <actor id="id383736" prototype="id861809">
          <attributes>
            <point id="position">
              <real id="x">360</real>
              <real id="y">140</real>
            </point>
          </attributes>
          <aspects>
            <graphics>
              <attributes />
            </graphics>
            <motion />
            <physics>
              <attributes />
            </physics>
          </aspects>
        </actor>
        <actor id="id982417" prototype="id861809">
          <attributes>
            <point id="position">
              <real id="x">420</real>
              <real id="y">140</real>
            </point>
          </attributes>
          <aspects>
            <graphics>
              <attributes />
            </graphics>
            <motion />
            <physics>
              <attributes />
            </physics>
          </aspects>
        </actor>
        <actor id="id880914" prototype="id861809">
          <attributes>
            <point id="position">
              <real id="x">90</real>
              <real id="y">100</real>
            </point>
          </attributes>
          <aspects>
            <graphics>
              <attributes />
            </graphics>
            <motion />
            <physics>
              <attributes />
            </physics>
          </aspects>
        </actor>
        <actor id="id603627" prototype="id861809">
          <attributes>
            <point id="position">
              <real id="x">150</real>
              <real id="y">100</real>
            </point>
          </attributes>
          <aspects>
            <graphics>
              <attributes />
            </graphics>
            <motion />
            <physics>
              <attributes />
            </physics>
          </aspects>
        </actor>
        <actor id="id953075" prototype="id861809">
          <attributes>
            <point id="position">
              <real id="x">210</real>
              <real id="y">100</real>
            </point>
          </attributes>
          <aspects>
            <graphics>
              <attributes />
            </graphics>
            <motion />
            <physics>
              <attributes />
            </physics>
          </aspects>
        </actor>
        <actor id="id565793" prototype="id861809">
          <attributes>
            <point id="position">
              <real id="x">270</real>
              <real id="y">100</real>
            </point>
          </attributes>
          <aspects>
            <graphics>
              <attributes />
            </graphics>
            <motion />
            <physics>
              <attributes />
            </physics>
          </aspects>
        </actor>
        <actor id="id560912" prototype="id861809">
          <attributes>
            <point id="position">
              <real id="x">330</real>
              <real id="y">100</real>
            </point>
          </attributes>
          <aspects>
            <graphics>
              <attributes />
            </graphics>
            <motion />
            <physics>
              <attributes />
            </physics>
          </aspects>
        </actor>
        <actor id="id365971" prototype="id861809">
          <attributes>
            <point id="position">
              <real id="x">390</real>
              <real id="y">100</real>
            </point>
          </attributes>
          <aspects>
            <graphics>
              <attributes />
            </graphics>
            <motion />
            <physics>
              <attributes />
            </physics>
          </aspects>
        </actor>
        <actor id="id389922" prototype="id861809">
          <attributes>
            <point id="position">
              <real id="x">120</real>
              <real id="y">60</real>
            </point>
          </attributes>
          <aspects>
            <graphics>
              <attributes />
            </graphics>
            <motion />
            <physics>
              <attributes />
            </physics>
          </aspects>
        </actor>
        <actor id="id765573" prototype="id861809">
          <attributes>
            <point id="position">
              <real id="x">180</real>
              <real id="y">60</real>
            </point>
          </attributes>
          <aspects>
            <graphics>
              <attributes />
            </graphics>
            <motion />
            <physics>
              <attributes />
            </physics>
          </aspects>
        </actor>
        <actor id="id122613" prototype="id861809">
          <attributes>
            <point id="position">
              <real id="x">240</real>
              <real id="y">60</real>
            </point>
          </attributes>
          <aspects>
            <graphics>
              <attributes />
            </graphics>
            <motion />
            <physics>
              <attributes />
            </physics>
          </aspects>
        </actor>
        <actor id="id234571" prototype="id861809">
          <attributes>
            <point id="position">
              <real id="x">300</real>
              <real id="y">60</real>
            </point>
          </attributes>
          <aspects>
            <graphics>
              <attributes />
            </graphics>
            <motion />
            <physics>
              <attributes />
            </physics>
          </aspects>
        </actor>
        <actor id="id860077" prototype="id861809">
          <attributes>
            <point id="position">
              <real id="x">360</real>
              <real id="y">60</real>
            </point>
          </attributes>
          <aspects>
            <graphics>
              <attributes />
            </graphics>
            <motion />
            <physics>
              <attributes />
            </physics>
          </aspects>
        </actor>
        <actor id="id894074" prototype="id667937">
          <attributes>
            <point id="position">
              <real id="x">431</real>
              <real id="y">289.5</real>
            </point>
            <size id="size">
              <real id="width">100</real>
              <real id="height">100</real>
            </size>
          </attributes>
          <aspects>
            <graphics>
              <attributes />
            </graphics>
            <motion />
            <physics>
              <attributes />
            </physics>
          </aspects>
        </actor>
        <actor id="id561066" prototype="id175885">
          <attributes>
            <point id="position">
              <real id="x">241</real>
              <real id="y">13.5</real>
            </point>
          </attributes>
          <aspects>
            <graphics>
              <attributes />
            </graphics>
            <motion />
            <physics>
              <attributes />
            </physics>
          </aspects>
        </actor>
      </actors>
      <attributes>
        <text id="name">Background</text>
        <boolean id="scrollable">true</boolean>
      </attributes>
    </layer>
  </layers>
  <attributes>
    <text id="name">Initial Scene</text>
    <real id="time">0</real>
    <size id="size">
      <real id="width">480</real>
      <real id="height">320</real>
    </size>
    <boolean id="wrapX">false</boolean>
    <boolean id="wrapY">false</boolean>
    <point id="gravity">
      <real id="x">0</real>
      <real id="y">0</real>
    </point>
    <color id="color">
      <real id="red">0</real>
      <real id="green">0</real>
      <real id="blue">0</real>
      <real id="alpha">1</real>
    </color>
    <rect id="camera">
      <point id="origin">
        <real id="x">0</real>
        <real id="y">0</real>
      </point>
      <size id="size">
        <real id="width">480</real>
        <real id="height">320</real>
      </size>
      <size id="trackingArea">
        <real id="width">400</real>
        <real id="height">260</real>
      </size>
      <real id="rotation">0</real>
    </rect>
    <attributes id="autorotate">
      <boolean id="landscapeLeft">true</boolean>
      <boolean id="portrait">false</boolean>
      <boolean id="landscapeRight">false</boolean>
      <boolean id="portraitUpsideDown">false</boolean>
    </attributes>
  </attributes>
</scene>