<?xml version="1.0" encoding="utf-8"?>
<table version="0.000000" name="QQ Achievements" numRows="1" numCols="5" flags="59" tableType="2">
    <rows>
        <row id="0" name=""/>
    </rows>
    <columns>
        <column id="0" name="ID" type="1" readonly="1">    </column>
        <column id="1" name="Name" type="1" readonly="1">    </column>
        <column id="2" name="Description" type="1" readonly="1">    </column>
        <column id="3" name="Point Value" type="2" readonly="1">   0</column>
        <column id="4" name="Progress Percent" type="3" readonly="0">   0</column>
    </columns>
</table>
