<?xml version="1.0" encoding="utf-8"?>
<assets PGFVersion="0.17" GSCVersion="0.9.92">
  <sounds>
    <sound name="yik">
      <file name="yik.ogg" size="6836" />
    </sound>
    <sound name="din">
      <file name="din.ogg" size="7308" />
    </sound>
    <sound name="hit2">
      <file name="hit2.ogg" size="5756" />
    </sound>
    <sound name="hit">
      <file name="hit.ogg" size="6676" />
    </sound>
    <sound name="Blip">
      <file name="Blip.ogg" size="6117" />
    </sound>
  </sounds>
  <images>
    <image name="paddle">
      <file name="paddle.png" size="843" />
    </image>
    <image name="ballfading">
      <file name="ballfading.png" size="5282" />
    </image>
    <image name="brick_fade">
      <file name="brick_fade.png" size="820" />
    </image>
  </images>
  <behaviors>
    <file name="Template Info.behavior" />
  </behaviors>
</assets>