<?xml version="1.0" encoding="utf-8"?>
<scene PGFVersion="0.17" GSCVersion="0.9.91" id="id562963">
  <layers>
    <layer id="id771562">
      <actors>
        <actor id="id852197" prototype="id469187">
          <attributes>
            <point id="position">
              <real id="x">234.5</real>
              <real id="y">160</real>
            </point>
            <size id="size">
              <real id="width">600</real>
              <real id="height">370</real>
            </size>
          </attributes>
          <aspects>
            <graphics>
              <attributes />
            </graphics>
            <motion />
            <physics>
              <attributes />
            </physics>
          </aspects>
        </actor>
        <actor id="id159906" prototype="id434921">
          <attributes>
            <point id="position">
              <real id="x">34.5</real>
              <real id="y">349</real>
            </point>
            <size id="size">
              <real id="width">152</real>
              <real id="height">36</real>
            </size>
          </attributes>
          <aspects>
            <graphics>
              <attributes />
            </graphics>
            <motion />
            <physics>
              <attributes />
            </physics>
          </aspects>
        </actor>
        <actor id="id757738" prototype="id592727">
          <attributes>
            <point id="position">
              <real id="x">111.5</real>
              <real id="y">135.5</real>
            </point>
          </attributes>
          <aspects>
            <graphics>
              <attributes />
            </graphics>
            <motion />
            <physics>
              <attributes />
            </physics>
          </aspects>
        </actor>
        <actor id="id456893" prototype="id348576">
          <attributes>
            <point id="position">
              <real id="x">13.5</real>
              <real id="y">331</real>
            </point>
            <size id="size">
              <real id="width">28</real>
              <real id="height">6</real>
            </size>
          </attributes>
          <aspects>
            <graphics>
              <attributes />
            </graphics>
            <motion />
            <physics>
              <attributes />
            </physics>
          </aspects>
        </actor>
      </actors>
      <attributes>
        <text id="name">Background</text>
        <boolean id="scrollable">true</boolean>
      </attributes>
    </layer>
  </layers>
  <attributes>
    <text id="name">Outdoors</text>
    <real id="time">0</real>
    <size id="size">
      <real id="width">480</real>
      <real id="height">320</real>
    </size>
    <boolean id="wrapX">false</boolean>
    <boolean id="wrapY">false</boolean>
    <point id="gravity">
      <real id="x">0</real>
      <real id="y">0</real>
    </point>
    <color id="color">
      <real id="red">0</real>
      <real id="green">0</real>
      <real id="blue">0</real>
      <real id="alpha">1</real>
    </color>
    <rect id="camera">
      <point id="origin">
        <real id="x">0</real>
        <real id="y">0</real>
      </point>
      <size id="size">
        <real id="width">480</real>
        <real id="height">320</real>
      </size>
      <size id="trackingArea">
        <real id="width">400</real>
        <real id="height">240</real>
      </size>
      <real id="rotation">0</real>
    </rect>
    <attributes id="autorotate">
      <boolean id="landscapeLeft">true</boolean>
      <boolean id="portrait">false</boolean>
      <boolean id="landscapeRight">false</boolean>
      <boolean id="portraitUpsideDown">false</boolean>
    </attributes>
  </attributes>
</scene>