<?xml version="1.0" encoding="utf-8"?>
<scene PGFVersion="0.17" GSCVersion="0.9.91" id="id837828">
  <layers>
    <layer id="id417106">
      <actors>
        <actor id="id994997" prototype="id978687">
          <attributes>
            <point id="position">
              <real id="x">240</real>
              <real id="y">160</real>
            </point>
            <angle id="rotation">0</angle>
          </attributes>
          <aspects>
            <graphics>
              <attributes />
            </graphics>
            <motion />
            <physics>
              <attributes />
            </physics>
          </aspects>
        </actor>
        <actor id="id301312" prototype="id694649">
          <attributes>
            <point id="position">
              <real id="x">214</real>
              <real id="y">205.5</real>
            </point>
          </attributes>
          <aspects>
            <graphics>
              <attributes />
            </graphics>
            <motion />
            <physics>
              <attributes />
            </physics>
          </aspects>
        </actor>
      </actors>
      <attributes>
        <text id="name">Game Area</text>
        <boolean id="scrollable">true</boolean>
      </attributes>
    </layer>
    <layer id="id646935">
      <actors>
        <actor id="id914262" prototype="id891417">
          <attributes>
            <point id="position">
              <real id="x">64</real>
              <real id="y">64</real>
            </point>
            <angle id="rotation">0</angle>
          </attributes>
          <aspects>
            <graphics>
              <attributes />
            </graphics>
            <motion />
            <physics>
              <attributes />
            </physics>
          </aspects>
        </actor>
        <actor id="id913678" prototype="id739261">
          <attributes>
            <point id="position">
              <real id="x">64</real>
              <real id="y">64</real>
            </point>
            <size id="size">
              <real id="width">128</real>
              <real id="height">128</real>
            </size>
            <angle id="rotation">0</angle>
          </attributes>
          <aspects>
            <graphics>
              <attributes />
            </graphics>
            <motion />
            <physics>
              <attributes />
            </physics>
          </aspects>
        </actor>
        <actor id="id533896" prototype="id789763">
          <attributes>
            <point id="position">
              <real id="x">365</real>
              <real id="y">40</real>
            </point>
            <size id="size">
              <real id="width">80</real>
              <real id="height">80</real>
            </size>
            <angle id="rotation">0</angle>
          </attributes>
          <aspects>
            <graphics>
              <attributes />
            </graphics>
            <motion />
            <physics>
              <attributes />
            </physics>
          </aspects>
        </actor>
        <actor id="id772521" prototype="id953923">
          <attributes>
            <point id="position">
              <real id="x">438</real>
              <real id="y">40</real>
            </point>
            <size id="size">
              <real id="width">80</real>
              <real id="height">80</real>
            </size>
            <angle id="rotation">0</angle>
          </attributes>
          <aspects>
            <graphics>
              <attributes />
            </graphics>
            <motion />
            <physics>
              <attributes />
            </physics>
          </aspects>
        </actor>
      </actors>
      <attributes>
        <text id="name">HUD Controls</text>
        <boolean id="scrollable">false</boolean>
      </attributes>
    </layer>
  </layers>
  <attributes>
    <text id="name">Thumbstick_Style2</text>
    <real id="time">0</real>
    <size id="size">
      <real id="width">480</real>
      <real id="height">320</real>
    </size>
    <boolean id="wrapX">false</boolean>
    <boolean id="wrapY">false</boolean>
    <point id="gravity">
      <real id="x">0</real>
      <real id="y">0</real>
    </point>
    <color id="color">
      <real id="red">0</real>
      <real id="green">0</real>
      <real id="blue">0</real>
      <real id="alpha">1</real>
    </color>
    <rect id="camera">
      <point id="origin">
        <real id="x">0</real>
        <real id="y">0</real>
      </point>
      <size id="size">
        <real id="width">480</real>
        <real id="height">320</real>
      </size>
      <size id="trackingArea">
        <real id="width">400</real>
        <real id="height">240</real>
      </size>
      <real id="rotation">0</real>
    </rect>
    <attributes id="autorotate">
      <boolean id="landscapeLeft">true</boolean>
      <boolean id="portrait">false</boolean>
      <boolean id="landscapeRight">false</boolean>
      <boolean id="portraitUpsideDown">false</boolean>
    </attributes>
  </attributes>
</scene>