<?xml version="1.0" encoding="utf-8"?>
<scene PGFVersion="0.17" GSCVersion="0.9.91" id="id218384">
  <layers>
    <layer id="id100007">
      <actors>
        <actor id="id131114" prototype="id512785">
          <attributes>
            <text id="name">Big Asteroid</text>
            <point id="position">
              <real id="x">478</real>
              <real id="y">7</real>
            </point>
            <size id="size">
              <real id="width">64</real>
              <real id="height">64</real>
            </size>
            <angle id="rotation">0</angle>
            <color id="color">
              <real id="red">1</real>
              <real id="green">1</real>
              <real id="blue">1</real>
              <real id="alpha">1</real>
            </color>
            <image id="image">asteroid-paper-64x64</image>
          </attributes>
          <aspects>
            <graphics>
              <attributes />
            </graphics>
            <motion />
            <physics>
              <attributes />
            </physics>
          </aspects>
        </actor>
        <actor id="id511793" prototype="id364178">
          <attributes>
            <point id="position">
              <real id="x">76</real>
              <real id="y">284</real>
            </point>
          </attributes>
          <aspects>
            <graphics>
              <attributes />
            </graphics>
            <motion />
            <physics>
              <attributes />
            </physics>
          </aspects>
        </actor>
        <actor id="id971234" prototype="id290199">
          <attributes>
            <point id="position">
              <real id="x">348</real>
              <real id="y">298.5</real>
            </point>
            <size id="size">
              <real id="width">30</real>
              <real id="height">30</real>
            </size>
          </attributes>
          <aspects>
            <graphics>
              <attributes />
            </graphics>
            <motion />
            <physics>
              <attributes />
            </physics>
          </aspects>
        </actor>
        <actor id="id840407" prototype="id814191">
          <attributes>
            <point id="position">
              <real id="x">239</real>
              <real id="y">160.5</real>
            </point>
          </attributes>
          <aspects>
            <graphics>
              <attributes />
            </graphics>
            <motion />
            <physics>
              <attributes />
            </physics>
          </aspects>
        </actor>
        <actor id="id128787" prototype="id512785">
          <attributes>
            <point id="position">
              <real id="x">-1</real>
              <real id="y">322.5</real>
            </point>
            <size id="size">
              <real id="width">64</real>
              <real id="height">64</real>
            </size>
          </attributes>
          <aspects>
            <graphics>
              <attributes />
            </graphics>
            <motion />
            <physics>
              <attributes />
            </physics>
          </aspects>
        </actor>
        <actor id="id629811" prototype="id512785">
          <attributes>
            <point id="position">
              <real id="x">2</real>
              <real id="y">4.5</real>
            </point>
            <size id="size">
              <real id="width">64</real>
              <real id="height">64</real>
            </size>
          </attributes>
          <aspects>
            <graphics>
              <attributes />
            </graphics>
            <motion />
            <physics>
              <attributes />
            </physics>
          </aspects>
        </actor>
        <actor id="id935849" prototype="id512785">
          <attributes>
            <point id="position">
              <real id="x">473</real>
              <real id="y">318.5</real>
            </point>
            <size id="size">
              <real id="width">64</real>
              <real id="height">64</real>
            </size>
          </attributes>
          <aspects>
            <graphics>
              <attributes />
            </graphics>
            <motion />
            <physics>
              <attributes />
            </physics>
          </aspects>
        </actor>
      </actors>
      <attributes>
        <text id="name">Background</text>
        <boolean id="scrollable">true</boolean>
      </attributes>
    </layer>
  </layers>
  <attributes>
    <text id="name">Space Rocks Scene</text>
    <real id="time">0</real>
    <size id="size">
      <real id="width">480</real>
      <real id="height">320</real>
    </size>
    <boolean id="wrapX">true</boolean>
    <boolean id="wrapY">true</boolean>
    <point id="gravity">
      <real id="x">0</real>
      <real id="y">0</real>
    </point>
    <color id="color">
      <real id="red">1</real>
      <real id="green">1</real>
      <real id="blue">1</real>
      <real id="alpha">1</real>
    </color>
    <rect id="camera">
      <point id="origin">
        <real id="x">0</real>
        <real id="y">0</real>
      </point>
      <size id="size">
        <real id="width">480</real>
        <real id="height">320</real>
      </size>
      <size id="trackingArea">
        <real id="width">400</real>
        <real id="height">260</real>
      </size>
      <real id="rotation">0</real>
    </rect>
    <attributes id="autorotate">
      <boolean id="landscapeLeft">true</boolean>
      <boolean id="portrait">false</boolean>
      <boolean id="landscapeRight">false</boolean>
      <boolean id="portraitUpsideDown">false</boolean>
    </attributes>
  </attributes>
</scene>